database,article,doi,node type,node name,data
ChEBI,"Hastings et al., 2016 (Nucleic Acids Res) - ChEBI in 2016: Chemical Entities of Biological Interest ontology and database",10.1093/nar/gkv1072,extracellular_compound,Prostaglandin E2 (PGE2),Chemical Entity of Biological Interest (ChEBI). Small molecule metabolite or ion localized in extracellular.
ChEMBL,ChEMBL Bioactive Compound Annotation (CHEMBL:FK506),https://www.ebi.ac.uk/chembl/compound_report_card/FK506,enzyme,Protein phosphatase 3 catalytic subunit alpha (Calcineurin A),"Tacrolimus (FK506) potently suppresses Calcineurin activity and prevents osteoclast formation. [Assay: Fluo-4 imaging, Treatment: RANKL + DAP12/FcRgamma co-stimulation, Effect: PLCgamma2 induces sustained Ca2+ oscillations activating Calcineurin]"
ChEMBL,ChEMBL Bioactive Compound Annotation (CHEMBL:DASATINIB),https://www.ebi.ac.uk/chembl/compound_report_card/DASATINIB,enzyme,SRC proto-oncogene non-receptor tyrosine kinase (c-Src),"Dasatinib directly inhibits c-Src kinase activity preventing sealing zone formation and bone pit excavation. [Assay: Confocal and interferometry, Treatment: RANKL on dentin + Pyk2/Src inhibitor, Effect: Disrupts sealing zone attachment and eliminates pit depth]"
ChEMBL,ChEMBL Bioactive Compound Annotation (CHEMBL:SARACATINIB),https://www.ebi.ac.uk/chembl/compound_report_card/SARACATINIB,enzyme,SRC proto-oncogene non-receptor tyrosine kinase (c-Src),"Saracatinib specifically inhibits c-Src preventing Pyk2/Vav3 phosphorylation and sealing zone formation. [Assay: Confocal and interferometry, Treatment: RANKL on dentin + Pyk2/Src inhibitor, Effect: Disrupts sealing zone attachment and eliminates pit depth]"
ChEMBL,"Zdrazil et al., 2024 (Nucleic Acids Res) - The ChEMBL Database in 2024: curated bioactive molecules and drug targets",10.1093/nar/gkae1039,extracellular_compound,2-Deoxy-D-glucose (HK inhibitor),ChEMBL Bioactive molecule. Targeted pharmacological inhibitor evaluated in osteoclast differentiation assays.
Curated Osteoclast Knowledgebase,Curated Osteoclastogenesis Causal Mechanism Dataset,N/A,gene,Long non-coding RNA AW011738,Osteoclast functional entity. Compartment: extracellular.
EMBO Press,"Hu et al., 2024 (EMBO Mol Med) - Glutaminase-1 (GLS1) regulates bone resorption through osteoclast differentiation",10.1038/s44319-024-00255-x,enzyme,Glutaminase,"CB-839 markedly curtailed osteoclast differentiation and resorption pit depth in BMMs. [Assay: TRAP staining, Treatment: RANKL (50 ng/mL) + CB-839 (Telaglenastat), Effect: 70% reduction in osteoclast count and bone resorption]"
HGNC,"Tweedie et al., 2021 (Nucleic Acids Res) - Genenames.org: the HGNC resources in 2021",10.1093/nar/gkaa980,enzyme,"6-phosphofructo-2-kinase/fructose-2,6-biphosphatase 3",Canonical mammalian gene/protein annotation. Cellular compartment: cytoplasm. Aliases: PFKFB3|iPFK2
KEGG,"Kanehisa et al., 2023 (Nucleic Acids Res) - KEGG for taxonomy-based analysis of pathways and osteoclast signaling (mmu04380)",10.1093/nar/gkac963,pathway,Acidified resorption lacuna (Howship pit),Biological pathway / morphologic osteoclast differentiation stage. Cellular compartment: extracellular.
NCBI Gene / miRBase,NCBI RefSeq & miRBase microRNA / transcript database,10.1093/nar/gky1141,gene,Acp5 (TRAP) messenger RNA,Osteoclast functional transcript / regulatory microRNA. Cellular compartment: cytoplasm.
Nature Publishing Group,"Rong et al., 2025 (Bone Res) - Itaconate suppresses osteoclastogenesis via TET2 DNA hydroxymethylation",10.1038/s41413-025-00437-w,enzyme,Tet methylcytosine dioxygenase 2,"Itaconate directly blocks the catalytic activity of TET2 dioxygenase. [Assay: Dot blot and TRAP staining, Treatment: RANKL + 4-octyl itaconate (4-OI), Effect: Inhibits TET2 5hmC deposition and dampens osteoclastogenesis]"
PubMed,"Taubmann et al., 2020 (Nat Commun) - Metabolic reprogramming of osteoclasts under RANKL driving aerobic glycolysis",10.1038/s41467-020-17453-6,enzyme,"6-phosphofructo-2-kinase/fructose-2,6-biphosphatase 3","PFKFB3 produces fructose-2,6-bisphosphate allosterically activating PFKM and accelerating glycolytic flux. [Confirmed by STRING v12.0 mouse PPI: score=0.964, escore=0.052] [Assay: Enzymatic assay and TRAP staining, Treatment: RANKL (100 ng/mL) + 2-Deoxyglucose (2-DG), Effect: Blocks glycolytic shift and curtails osteoclast multinucleation]"
PubMed,"Bozec et al., 2010 (J Cell Biol) - HIF1A drives glycolytic reprogramming (HK2, PFKFB3, LDHA) essential for osteoclast bone resorption",10.1083/jcb.201002035,enzyme,"6-phosphofructo-2-kinase/fructose-2,6-biphosphatase 3","HIF1alpha transactivates PFKFB3 driving fructose-2,6-bisphosphate production. [Assay: qRT-PCR, Seahorse ECAR, and dentin slice resorption pit assay, Treatment: RANKL stimulation in Hif1a-deficient vs WT BMMs, Effect: HIF1a drives aerobic glycolysis and lacunar bone resorption]"
PubMed,"Chu et al., 2024 (Cell Metab) - PRMT6-mediated H3R2me2a controls fatty acid oxidation during osteoclastogenesis",10.1016/j.cmet.2024.07.009,enzyme,"6-phosphofructo-2-kinase/fructose-2,6-biphosphatase 3","Fructose-6-phosphate is converted by PFKFB3 into fructose-2,6-bisphosphate. [Assay: TRAP staining and Seahorse glycolysis, Treatment: RANKL (50 ng/mL) + EPZ020411, Effect: 75% decrease in osteoclast formation; restores FAO]"
PubMed,"Boyce et al., 2015 (Immunol Res) - M-CSF / CSF1R signaling and AKT/MAPK cascades in osteoclast lineage survival and development",10.1007/s12026-015-8640-1,enzyme,AKT serine/threonine kinase 1 (Akt),"PI3K generation of PIP3 triggers Akt phosphorylation at Thr308 and Ser473. [Confirmed by STRING v12.0 mouse PPI: score=0.994, escore=0.383] [Assay: Western blot and MTT assay, Treatment: RANKL + M-CSF, Effect: M-CSF binds c-Fms to activate ERK and PI3K/Akt promoting precursor survival]"
PubMed,"Teitelbaum, 2007 (Science) - Osteoclasts: what do they do and how do they do it?",10.1126/science.1136892,enzyme,Acid phosphatase 5 tartrate resistant (TRAP),Canonical signaling transduction step: MRNA:Acp5 translated_to HGNC:ACP5 reported in PMID:17626889.
PubMed,"Takayanagi et al., 2002 (Nature) - Induction and activation of the transcription factor NFATc1 in osteoclast differentiation",10.1038/416744a,enzyme,Acid phosphatase 5 tartrate resistant (TRAP),"Acp5 mRNA is translated into tartrate-resistant acid phosphatase protein. [Assay: Northern blot, Western blot, and retroviral overexpression, Treatment: RANKL stimulation, Effect: NFATc1 functions as a master transcription factor for terminal osteoclast differentiation]"
PubMed,"Stegen et al., 2024 (Nat Metab) - Phosphoglycerate dehydrogenase provides alpha-ketoglutarate to drive epigenetic osteoclast differentiation",10.1038/s42255-023-00958-8,enzyme,Aconitase 2,"Citrate is dehydrated by aconitase ACO2 to cis-aconitate. [Assay: TRAP staining, Treatment: M-CSF (30 ng/mL) + RANKL (50 ng/mL) + CBR-5884, Effect: 82% reduction in multinucleated osteoclasts]"
PubMed,"Sun et al., 2018 (Nat Commun) - Itaconate and ACOD1 (IRG1) regulate succinate dehydrogenase and oxidative stress during osteoclastogenesis",10.1038/s41467-018-07281-2,enzyme,Aconitate decarboxylase 1 (IRG1),"cis-Aconitate is decarboxylated by ACOD1/IRG1 into itaconate. [Assay: Complex II enzyme assay, DCFH-DA ROS flow cytometry, and TRAP staining, Treatment: RANKL + 4-octyl itaconate (OI), Effect: Itaconate directly inhibits SDH and suppresses intracellular ROS generation]"
PubMed,"Kim et al., 2005 (Immunol Rev) - Signaling mechanisms of osteoclast differentiation by RANKL and immunoreceptors",10.1111/j.0105-2896.2005.00331.x,enzyme,Bruton tyrosine kinase,"Canonical signaling transduction step: HGNC:FCER1G activates HGNC:BTK reported in PMID:16339965. [Confirmed by STRING v12.0 mouse PPI: score=0.762, escore=0.097]"
PubMed,"Koga et al., 2004 (Nature) - Costimulatory signals for NFATc1 in bone homeostasis by ITAM-harboring adaptors",10.1038/nature02444,enzyme,Bruton tyrosine kinase,"SLP-76 recruits and activates Bruton tyrosine kinase BTK. [Confirmed by STRING v12.0 mouse PPI: score=0.998, escore=0.154] [Assay: Immunoprecipitation and Fura-2 calcium imaging, Treatment: RANKL + M-CSF, Effect: DAP12 and FcRg phosphorylate Syk and PLCg2 initiating Ca2+ oscillations]"
PubMed,"Chu et al., 2024 (Cell Metab) - PRMT6 inhibits fatty acid oxidation (CPT1A) and promotes osteoclastogenesis",10.1016/j.cmet.2024.07.009,enzyme,Carnitine palmitoyltransferase 1A,"PRMT6-mediated H3R2me2a represses Cpt1a transcription, suppressing fatty acid oxidation. [Assay: Western blot and ChIP-qPCR, Treatment: RANKL (100 ng/mL), Effect: Strong induction of PRMT6 and H3R2me2a repression]"
PubMed,"Miyauchi et al., 2010 (Proc Natl Acad Sci USA) - BCL6 is a negative regulator of osteoclastogenesis that directly represses NFATc1",10.1073/pnas.1001712107,enzyme,Cathepsin K,"Bcl6 suppresses Cathepsin K expression, reducing bone resorptive activity. [Assay: Northern blot, Treatment: RANKL in Bcl6-/- BMMs, Effect: Bcl6 deficiency upregulates DC-STAMP and CTSK accelerating fusion]"
PubMed,"Yuan et al., 2022 (Cell Death Differ) - IFT80 stabilizes Cbl-b to regulate TRAF6 ubiquitination and degradation in osteoclasts",10.1038/s41418-022-01004-9,enzyme,Cbl proto-oncogene B (E3 ubiquitin ligase),"IFT80 bridges TRAF6 to Cbl-b, facilitating K48-linked polyubiquitination and degradation of TRAF6. [Assay: Immunoprecipitation, Treatment: RANKL + IFT80 shRNA, Effect: IFT80 loss impairs Cbl-b-mediated TRAF6 degradation amplifying signaling]"
PubMed,"Nishikawa et al., 2015 (Nat Commun) - Epigenetic chromatin regulators (DNMT3A, KDM4A, EZH2, SIRT1) control osteoclast commitment",10.1038/ncomms7637,enzyme,DNA methyltransferase 3 alpha,"DNMT3a DNA methyltransferase hypermethylates the Irf8 distal promoter. [Assay: Bisulfite sequencing, ChIP-qPCR, and TRAP staining, Treatment: RANKL stimulation in Dnmt3a-deficient BMMs, Effect: DNMT3a mediates DNA methylation to silence negative regulator Irf8]"
PubMed,"Shin et al., 2014 (Bone) - Dual-specificity phosphatases DUSP1, DUSP6, and PPM1D act as endogenous brakes on osteoclast MAPK signaling",10.1016/j.bone.2014.03.041,enzyme,Dual specificity phosphatase 1 (MKP-1),"DUSP1 dual specificity phosphatase dephosphorylates p38 MAPK. [Confirmed by STRING v12.0 mouse PPI: score=0.993, escore=0.497] [Assay: Western blot and TRAP staining, Treatment: RANKL stimulation in DUSP1-deficient vs WT BMMs, Effect: DUSP1 dephosphorylates p38 and JNK, serving as a negative feedback regulator]"
PubMed,"Mizoguchi et al., 2009 (J Bone Miner Res) - Cell-cell fusion and histone deacetylase HDAC regulation in multinucleated osteoclasts",10.1359/jbmr.090308,enzyme,Histone deacetylase 2,"HDAC2 enzymatic activity is required for osteoclast multinucleation. [Assay: Giemsa staining and fluorescence imaging, Treatment: RANKL stimulation in DC-STAMP / OC-STAMP mutant BMMs, Effect: Coordinated requirement of DC-STAMP and OC-STAMP for cell-cell fusion into syncytia]"
PubMed,"Li et al., 2022 (Cell Death Dis) - MMP9 regulation by NFATc1 and its role in lacunar bone resorption",10.1038/s41419-022-05335-z,enzyme,Matrix metallopeptidase 9,"NFATc1 induces MMP-9 expression in mature multinucleated osteoclasts. [Confirmed by STRING v12.0 mouse PPI: score=0.702, escore=0] [Assay: Collagen release assay, Treatment: RANKL on bovine bone slices in Mmp9-/- BMMs, Effect: MMP-9 degrades non-collagenous organic matrix cooperating with CTSK]"
PubMed,"Wada et al., 2006 (Nat Rev Drug Discov) - RANKL-RANK signaling MAPK cascades (p38, JNK, ERK) in osteoclasts",10.1038/nrd2031,enzyme,Mitogen-activated protein kinase 1 (ERK2),"MEK1 phosphorylates ERK2 at Thr183/Tyr185. [Confirmed by STRING v12.0 mouse PPI: score=0.998, escore=0.763] [Assay: Western blot and kinase activity assay, Treatment: RANKL stimulation, Effect: Sequential cascade: TAK1/ASK1/MEKK1 activate MKK3/6, MKK4/7, MEK1/2, driving p38, JNK, ERK]"
PubMed,"Shin et al., 2007 (J Cell Biochem) - RGS10 and RGS12 in osteoclast differentiation and calcium signaling",10.1002/jcb.21251,enzyme,Mitogen-activated protein kinase 14 (p38 alpha),"RGS12 acts as an essential signaling hub upstream of p38 MAPK and N-type calcium channels. [Assay: Fluo-4 imaging, Treatment: RANKL in Rgs10-/- BMMs, Effect: Loss of RGS10 abolishes Ca2+ oscillations and impairs differentiation]"
PubMed,"Zhao et al., 2010 (J Biol Chem) - PIK3AP1 (BCAP) regulates osteoclast differentiation and p38 MAPK activation",10.1074/jbc.M110.104273,enzyme,Mitogen-activated protein kinase 14 (p38 alpha),"BCAP adaptor scaffold amplifies p38 MAPK phosphorylation. [Assay: Western blot and TRAP staining, Treatment: RANKL stimulation in BCAP-deficient vs WT BMMs, Effect: BCAP enhances p38 MAPK phosphorylation and CREB activation to promote osteoclastogenesis]"
PubMed,"Asagiri et al., 2005 (J Exp Med) - Autoamplification of NFATc1 expression is mediated by AP-1 (c-Fos/c-Jun) complex binding",10.1084/jem.20051115,enzyme,Mitogen-activated protein kinase 14 (p38 alpha),"p38 MAPK directly phosphorylates CREB at Ser133. [Confirmed by STRING v12.0 mouse PPI: score=0.767, escore=0.093] [Assay: ChIP-qPCR, luciferase reporter, and EMSA, Treatment: RANKL stimulation, Effect: AP-1 (c-Fos/c-Jun) and CREB cooperate with NFATc1 to drive sustained autoamplification]"
PubMed,"Zou et al., 2007 (Mol Biol Cell) - Syk, c-Src, and Pyk2 cooperate in osteoclast sealing zone and podosome belt organization",10.1091/mbc.e06-10-0931,enzyme,Protein tyrosine kinase 2 beta (Pyk2),"c-Src phosphorylates Pyk2 at focal adhesions to drive cytoskeletal remodeling in BMMs. [Confirmed by STRING v12.0 mouse PPI: score=0.998, escore=0.594] [Assay: Confocal and interferometry, Treatment: RANKL on dentin + Pyk2/Src inhibitor, Effect: Disrupts sealing zone attachment and eliminates pit depth]"
PubMed,"Faccio et al., 2005 (J Cell Biol) - Vav3 regulates osteoclast function and bone mass downstream of alphaVbeta3 integrin",10.1083/jcb.200412083,enzyme,SRC proto-oncogene non-receptor tyrosine kinase (c-Src),"alpha_v_beta_3 integrin engagement induces c-Src activation at the podosome belt. [Confirmed by STRING v12.0 mouse PPI: score=0.966, escore=0.078] [Assay: Rhodamine phalloidin confocal, Treatment: RANKL + M-CSF in Vav3-/- BMMs, Effect: Complete disruption of circumferential F-actin sealing zone]"
PubMed,"Nagao et al., 2019 (Bone) - Zoledronic acid suppresses osteoclastogenesis and c-Src activation in primary osteoclasts",10.1016/j.bone.2019.115061,enzyme,SRC proto-oncogene non-receptor tyrosine kinase (c-Src),"Zoledronic acid impairs mevalonate pathway inhibiting Ras farnesylation and c-Src kinase activity. [Assay: Annexin V and Western blot, Treatment: RANKL + Zoledronic acid (ZA), Effect: Inhibits mevalonate pathway and c-Src, inducing osteoclast apoptosis]"
PubMed,"Anesi et al., 2019 (Int J Mol Sci) - Nitrogen-containing bisphosphonates (Zoledronate, Alendronate) inhibit osteoclast c-Src kinase and survival",10.3390/ijms20215382,enzyme,SRC proto-oncogene non-receptor tyrosine kinase (c-Src),"Alendronate disrupts osteoclast prenylation, inhibiting c-Src and inducing apoptosis. [Assay: Annexin V and Western blot, Treatment: RANKL + Zoledronic acid (ZA), Effect: Inhibits mevalonate pathway and c-Src, inducing osteoclast apoptosis]"
PubMed,"Lacey et al., 1998 (Cell) - Osteoprotegerin ligand is a cytokine that regulates osteoclast differentiation and activation",10.1016/S0092-8674(00)81401-4,extracellular_compound,Denosumab (Anti-RANKL mAb),"Denosumab monoclonal antibody neutralizes RANKL, preventing osteoclast precursor engagement. [Assay: ELISA and TRAP staining, Treatment: RANKL + Denosumab / OPG-Fc, Effect: Denosumab neutralizes soluble and membrane RANKL blocking osteoclastogenesis]"
PubMed,"Boyce & Xing, 2007 (Arthritis Res Ther) - The RANKL/RANK/OPG pathway and cytokine regulation (TNF, IL-1) in osteoclasts",10.1186/ar2165,extracellular_compound,Prostaglandin E2 (PGE2),"PGE2 stimulates RANKL production through cAMP/PKA signaling. [Assay: Electrophoretic mobility shift assay (EMSA) and TRAP staining, Treatment: RANKL + TNF-alpha / IL-1beta, Effect: TNF and IL-1 synergize with RANKL via TRAF6 to drive osteoclastogenesis]"
PubMed,"Kim et al., 2022 (Biochem Pharmacol) - Selinexor inhibits osteoclastogenesis by blocking XPO1-mediated nuclear export of NF-kB",10.1016/j.bcp.2022.115049,extracellular_compound,Selinexor (XPO1 inhibitor),"Selinexor inhibits exportin-1 (XPO1) preventing nuclear export of IkB-alpha. [Assay: Confocal and TRAP staining, Treatment: RANKL + Selinexor (XPO1 inhibitor), Effect: Selinexor traps IkB-alpha in nucleus blocking NF-kB and osteoclasts]"
PubMed,"Yagi et al., 2005 (J Exp Med) - DC-STAMP is essential for cell-cell fusion in osteoclasts",10.1084/jem.20050645,gene,Dcstamp messenger RNA,"NFATc1 transactivates Dcstamp expression during late pre-osteoclast differentiation. [Assay: Giemsa and TRAP staining, Treatment: RANKL (50 ng/mL) in Dcstamp-/- BMMs, Effect: Complete block in syncytium formation; cells remain mononuclear]"
PubMed,"Li et al., 2017 (J Bone Miner Res) - Long non-coding RNA AW011738 regulates TREM1 signaling in osteoclastogenesis",10.1002/jbmr.3142,gene,Long non-coding RNA AW011738,"Exosomal lncRNA AW011738 directly suppresses TREM1 expression. [Assay: qRT-PCR and Luciferase reporter assay, Treatment: RANKL + exosomal lncRNA AW011738, Effect: lncRNA AW011738 targets and downregulates TREM1 expression]"
PubMed,"Lee et al., 2013 (Bone) - miR-124 inhibits osteoclastogenesis by targeting NFATc1 and RhoA",10.1016/j.bone.2013.02.002,gene,MicroRNA miR-124-3p,"miR-124 overexpression suppresses NFATc1 translation and blocks osteoclastogenesis. [Assay: qPCR and Western blot, Treatment: RANKL + miR-124 overexpression, Effect: Direct suppression of Nfatc1 and RhoA blocks osteoclastogenesis]"
PubMed,"Cheng et al., 2013 (Nat Commun) - MicroRNA-148a promotes osteoclastogenesis by targeting MAFB",10.1038/ncomms2918,gene,MicroRNA miR-148a-3p,"miR-148a is upregulated by RANKL and binds the 3-UTR of MafB repressing its inhibitory function. [Assay: Western blot and TRAP staining, Treatment: RANKL (50 ng/mL) + miR-148a mimic, Effect: miR-148a represses MafB and doubles TRAP+ osteoclast count]"
PubMed,"Sugatani et al., 2011 (J Biol Chem) - c-Fos upregulates miR-21 which targets Pdcd4 in osteoclasts",10.1074/jbc.M110.179457,gene,MicroRNA miR-21a-5p,"c-Fos directly binds the promoter of miR-21 inducing its expression in RANKL-stimulated BMMs. [Assay: qPCR and Luciferase, Treatment: RANKL (50 ng/mL) + c-Fos binding to miR-21 promoter, Effect: c-Fos upregulates miR-21 which downregulates Pdcd4 repressor]"
PubMed,"Krzeszinski et al., 2014 (Nature) - miR-34a targets Tgif2 to attenuate osteoclastic bone resorption and metastasis",10.1038/nature13444,gene,MicroRNA miR-34a-5p,"miR-34a binds Tgif2 mRNA repressing its pro-resorptive activity in mature osteoclasts. [Assay: qPCR and dentin pit assay, Treatment: RANKL + miR-34a mimic, Effect: miR-34a targets Tgif2 to attenuate osteoclastic bone resorption]"
PubMed,"Wang et al., 2024 (Bone Res) - Sorting nexin 10 (SNX10) and moesin (MSN) coordinate osteoclast syncytium cell-cell fusion",10.1038/s41413-024-00331-5,pathway,Multinucleated syncytium,"Moesin links actin cortex to membrane vesicles promoting tunneling nanotube and syncytium formation. [Assay: Confocal microscopy, Treatment: RANKL in Snx10-/- BMMs, Effect: SNX10 loss prolongs DC-STAMP on membrane causing giant osteoclasts]"
PubMed,"Yang et al., 2019 (Front Cell Dev Biol) - Ameloblastin (AMBN) inhibits osteoclastogenesis by dampening CREB1 phosphorylation",10.3389/fcell.2019.00364,protein,Ameloblastin,"Ameloblastin competitively prevents p38 interaction with CREB. [Assay: Co-immunoprecipitation and TRAP staining, Treatment: RANKL + recombinant Ameloblastin, Effect: Ameloblastin competitively inhibits p38-CREB interaction, repressing osteoclastogenesis]"
PubMed,"Zhao et al., 2006 (Cell Metab) - Bidirectional ephrinB2-EphB4 signaling controls bone resorption and formation",10.1016/j.cmet.2006.06.010,protein,EPH receptor B4,"Ephrin-B2 on osteoclasts engages EphB4 on osteoblasts. [Confirmed by STRING v12.0 mouse PPI: score=0.999, escore=0.822] [Assay: TRAP staining and Western blot, Treatment: RANKL + Ephrin-B2-Fc, Effect: Reverse Ephrin-B2 signaling suppresses c-Fos and NFATc1 induction]"
PubMed,"Wu et al., 2017 (Nat Commun) - Galpha13 (GNA13) negatively regulates osteoclastogenesis by suppressing NFATc1",10.1038/ncomms14234,protein,G protein subunit alpha 13 (Galpha13),"Galpha13 negatively regulates osteoclast differentiation by suppressing the Akt-GSK3b-NFATc1 cascade. [Assay: Western blot, Treatment: RANKL + Gna13 conditional knockout (LysM-Cre), Effect: Loss of Galpha13 hyper-activates Akt and NFATc1 leading to osteoporosis]"
PubMed,"Takayanagi et al., 2005 (Nature Med) - Induction and activation of IFN-beta in osteoclasts provides an autoregulatory negative feedback loop",10.1038/nm1194,protein,Interferon alpha and beta receptor subunit 1,"Secreted IFN-beta binds cell-surface IFNAR1 in an autocrine loop. [Confirmed by STRING v12.0 mouse PPI: score=0.999, escore=0.904] [Assay: Western blot, Treatment: RANKL + recombinant IFN-beta, Effect: Autocrine IFN-beta induces c-Fos degradation as an intrinsic negative feedback]"
PubMed,"Nishikawa et al., 2010 (J Exp Med) - Blimp1 (PRDM1) promotes osteoclastogenesis by repressing anti-osteoclastogenic transcription factors",10.1084/jem.20100452,transcription_factor,B-cell lymphoma 6 protein,"Blimp1 binds the Bcl6 promoter repressing transcription of Bcl6 during osteoclastogenesis. [Assay: ChIP-qPCR, Treatment: RANKL-induced Blimp1 expression, Effect: Blimp1 directly represses transcription of IRF8 and Bcl6]"
PubMed,"Jin et al., 2014 (J Immunol) - SREBP2 induces IRF7 to negatively regulate osteoclast differentiation",10.4049/jimmunol.1400262,transcription_factor,Interferon regulatory factor 7,"SREBP2 binds promoter sterol regulatory elements to induce IRF7. [Assay: qRT-PCR and TRAP staining, Treatment: RANKL stimulation in SREBP2-depleted BMMs, Effect: SREBP2 induces IRF7 which directly represses NFATc1 and osteoclastogenesis]"
PubMed,"Zhao et al., 2009 (Nat Med) - Interferon regulatory factor-8 (IRF8) regulates osteoclastogenesis as a negative transcriptional brake",10.1038/nm.2007,transcription_factor,Interferon regulatory factor 8 (ICSBP),"IRF8 acts as a master transcriptional repressor by binding the NFATc1 promoter and competing with NF-kB and c-Fos. [Confirmed by STRING v12.0 mouse PPI: score=0.795, escore=0] [Assay: qPCR and TRAP staining, Treatment: RANKL stimulation in Irf8-/- vs WT BMMs, Effect: Severe acceleration of osteoclastogenesis; IRF8 directly represses NFATc1]"
Reactome,Reactome Pathway Reaction (R-HSA-70635),https://reactome.org/content/detail/R-HSA-70635,intracellular_compound,2-oxoglutarate (alpha-ketoglutarate),Biochemical reaction catalyzed by CHEBI:16015 generating CHEBI:30915 per REACTOME entry R-HSA-70635.
Rhea,Rhea Biochemical Reaction Transformation (RHEA:10744),https://www.rhea-db.org/rhea/10744,enzyme,Aldolase fructose-bisphosphate A,Biochemical reaction catalyzed by HGNC:ALDOA generating CHEBI:17138 per RHEA entry RHEA:10744.
Rhea,Rhea Biochemical Reaction Transformation (RHEA:12040),https://www.rhea-db.org/rhea/12040,enzyme,Enolase 1,Biochemical reaction catalyzed by HGNC:ENO1 generating CHEBI:18021 per RHEA entry RHEA:12040.
Rhea,Rhea Biochemical Reaction Transformation (RHEA:11824),https://www.rhea-db.org/rhea/11824,enzyme,Glucose-6-phosphate isomerase,Biochemical reaction catalyzed by HGNC:GPI generating CHEBI:15946 per RHEA entry RHEA:11824.
Rhea,Rhea Biochemical Reaction Transformation (RHEA:15449),https://www.rhea-db.org/rhea/15449,enzyme,Glutaminase,Biochemical reaction catalyzed by HGNC:GLS generating CHEBI:16015 per RHEA entry RHEA:15449.
Rhea,Rhea Biochemical Reaction Transformation (RHEA:11072),https://www.rhea-db.org/rhea/11072,enzyme,Glyceraldehyde-3-phosphate dehydrogenase,Biochemical reaction catalyzed by HGNC:GAPDH generating CHEBI:16001 per RHEA entry RHEA:11072.
Rhea,Rhea Biochemical Reaction Transformation (RHEA:17825),https://www.rhea-db.org/rhea/17825,enzyme,Hexokinase 2,Biochemical reaction catalyzed by HGNC:HK2 generating CHEBI:14314 per RHEA entry RHEA:17825.
Rhea,Rhea Biochemical Reaction Transformation (RHEA:16653),https://www.rhea-db.org/rhea/16653,enzyme,Lactate dehydrogenase A,Biochemical reaction catalyzed by HGNC:LDHA generating CHEBI:16651 per RHEA entry RHEA:16653.
Rhea,Rhea Biochemical Reaction Transformation (RHEA:16109),https://www.rhea-db.org/rhea/16109,enzyme,Phosphofructokinase muscle,Biochemical reaction catalyzed by HGNC:PFKM generating CHEBI:16905 per RHEA entry RHEA:16109.
Rhea,Rhea Biochemical Reaction Transformation (RHEA:15509),https://www.rhea-db.org/rhea/15509,enzyme,Phosphoglycerate kinase 1,Biochemical reaction catalyzed by HGNC:PGK1 generating CHEBI:17794 per RHEA entry RHEA:15509.
Rhea,Rhea Biochemical Reaction Transformation (RHEA:15717),https://www.rhea-db.org/rhea/15717,enzyme,Phosphoglycerate mutase 1,Biochemical reaction catalyzed by HGNC:PGAM1 generating CHEBI:17835 per RHEA entry RHEA:15717.
Rhea,Rhea Biochemical Reaction Transformation (RHEA:18157),https://www.rhea-db.org/rhea/18157,enzyme,Pyruvate kinase M1/2,Biochemical reaction catalyzed by HGNC:PKM generating CHEBI:32816 per RHEA entry RHEA:18157.
Rhea,"Bansal et al., 2022 (Nucleic Acids Res) - Rhea, the reaction knowledgebase in 2022: expert-curated biochemical transformations",10.1093/nar/gkab1016,reaction,Histone acetylation at osteoclast promoters,Expert-curated biochemical chromatin transformation or enzymatic reaction localized in nucleus.
STRING v12.0,"Szklarczyk et al., 2023 (Nucleic Acids Res) - The STRING database in 2023: protein-protein association networks with physical interactions",10.1093/nar/gkad947,enzyme,Conserved helix-loop-helix ubiquitous kinase (IKK-alpha),Direct physical heterodimerization; IKKalpha and IKKbeta form catalytic kinase complex. Verified by STRING v12.0 (Mus musculus Taxon 10090) with high confidence score 0.999 (escore: 0.963).
