sample_index,claim_id,source_id,prior_reason,diagnostic_category,source_passage_note,reviewer,quote
0,extracted:4e8151f60302c81f2287644b,PMID:23661628,perturbation_role_unresolved,intervention_form_species_or_passage_review,Chemical inhibition of c-Myc is not gene addition; molecular intervention needs clarification.,AI-assisted passage inspection; not independent expert adjudication,"Inhibition of c-Myc function abrogated osteoclast differentiation and function, along with a suppression of Slc1a5 and glutaminase 1 gene expression."
1,extracted:448f7987fa6fb7d477325469,PMID:24159188,perturbation_role_unresolved,intervention_form_species_or_passage_review,Cattle variant and protein complex require variant-specific identity.,AI-assisted passage inspection; not independent expert adjudication,"The Y750Q mutation |  largely preserved the lysosomal localization and assembly of ClC-7/Ostm1, but drastically accelerated its activation by membrane depolarization."
2,extracted:b2c25148ad285854044591c8,PMID:40937144,gene_versus_protein_intervention_requires_review,intervention_form_species_or_passage_review,Slit2 molecular form and intervention are not established by this conclusion.,AI-assisted passage inspection; not independent expert adjudication,"Mechanistically, RNA sequencing, Gene Ontology pathway enrichment analysis, and Western blotting revealed that Src and PI3K/AKT signaling pathways mediate the regulatory effects of Slit2 on bone metabolism. | These findings suggest that Slit2 inhibits macrophage-to-osteoclast differentiation and attenuates bone resorption by downregulating Src expression in macrophages and suppressing the PI3K/AKT signaling pathway."
3,extracted:c375023c9d484da955453bc4,PMID:27166393,perturbation_role_unresolved,intervention_form_species_or_passage_review,Combination clinical treatment cannot be assigned to dasatinib alone.,AI-assisted passage inspection; not independent expert adjudication,"This trial determined the recommended phase II dose (RP2D) and clinical efficacy of the src kinase inhibitor dasatinib combined with zoledronic acid in bone predominant, HER2-negative breast cancer metastases. | Combination therapy was well tolerated and produced responses in bone"
4,extracted:a95601f6f066f694b61a8a47,PMID:38910764,outside_explicit_osteoclast_scope,different_context_or_endpoint,General periodontal damage statement; not an osteoclast experiment.,AI-assisted passage inspection; not independent expert adjudication,"In addition, the delicate balance between antioxidants and oxidants is upset by oxidative stress, which impairs antioxidant defense systems and exacerbates periodontal tissue damage."
5,extracted:2c7cfc4297c20a805ea2c3c4,PMID:28123075,registry_or_specimen_identity_unresolved,intervention_form_species_or_passage_review,"RON is potentially resolvable, but genetic/pharmacological inhibition are combined and endpoint is broad.",AI-assisted passage inspection; not independent expert adjudication,Genetic or pharmacologic inhibition of RON kinase blocked cancer-mediated bone destruction and osteoporosis in several mouse models.
6,extracted:f246db1acea2ca10ffce7120,PMID:41707588,outside_explicit_osteoclast_scope,different_context_or_endpoint,Human correlation; serum cholesterol taxon was incorrectly assigned rat.,AI-assisted passage inspection; not independent expert adjudication,positive correlation between serum cholesterol levels and the severity of periodontitis
7,extracted:983ee5d3892e31ff6c341065,PMID:40943623,chemical_not_mapped_to_canonical_endogenous_entity,chemical_identity_or_exposure_layer,CRW acronym requires source definition and preparation identity.,AI-assisted passage inspection; not independent expert adjudication,"CRW markedly decreased the size and number of TRAP-positive multinucleated cells (TRAP+ MNCs), suppressed F-actin ring formation, and diminished bone resorption in RANKL-treated cultures."
8,extracted:8261ef0624755255efe50fb4,PMID:35248947,chemical_not_mapped_to_canonical_endogenous_entity,chemical_identity_or_exposure_layer,Named compound needs registry mapping; combined pathway endpoint must stay composite.,AI-assisted passage inspection; not independent expert adjudication,Epoxymicheliolide inhibits osteoclastogenesis and resists OVX-induced osteoporosis by suppressing ERK1/2 and NFATc1 signaling.
9,extracted:e7bf5f16d55d3219d60b43e6,PMID:25056912,chemical_not_mapped_to_canonical_endogenous_entity,chemical_identity_or_exposure_layer,Y27632 needs compound identity; large-cell generation is not identical to differentiation.,AI-assisted passage inspection; not independent expert adjudication,the Rho inhibitor Y27632 promoted the generation of large OCLs.
10,extracted:80691fb780718a6420823ba9,PMID:31191656,chemical_not_mapped_to_canonical_endogenous_entity,chemical_identity_or_exposure_layer,NP1 peptide/compound identity and assay reference need resolution.,AI-assisted passage inspection; not independent expert adjudication,the following: NP1 significantly reduced (a) endogenous L-plastin phosphorylation; (b) formation of NSZs and sealing rings; (c) resorption
11,extracted:068bb9791614cdcd6aa579aa,PMID:42105727,non_observed_assertion_retained_in_staging,background_hypothesis_or_no_effect,"Background MSC/exosome statement, not a new molecular experiment.",AI-assisted passage inspection; not independent expert adjudication,"Macrophage polarization is induced by MSCs through exosomes and cytokine feedback,"
12,extracted:dad3f842304c3af61605a6f4,PMID:41872383,process_not_in_explicit_mapping,different_context_or_endpoint,ADSC mineralization is an osteoblast-side endpoint; retain as separate biology.,AI-assisted passage inspection; not independent expert adjudication,We then knocked out WNT5B in GCTB1s using CRISPR/Cas9 and co-cultured them with ADSCs and observed significant rescue of mineralization in ADSCs relative to ADSCs cultured with GCTB1s expressing WNT5B.
13,extracted:6632ff48209e882ec8273d97,PMID:40221529,registry_or_specimen_identity_unresolved,intervention_form_species_or_passage_review,Protein encoded by lncRNA and fragment antecedent need source review.,AI-assisted passage inspection; not independent expert adjudication,which enhanced osteoclastogenesis and diminishes ferroptosis in osteoclasts
14,extracted:89bb1d8ab3d3476a355bf020,PMID:40312852,gene_versus_protein_intervention_requires_review,bounded_projection_or_process_mapping,Explicit TRPM2 ablation supports qualified loss-of-function projection; retain alveolar endpoint.,AI-assisted passage inspection; not independent expert adjudication,ablation of TRPM2 | distinctly alleviated alveolar bone resorption in periodontitis-affected mice
15,extracted:b6731e9e6be72f6b0f04581b,PMID:41703993,chemical_not_mapped_to_canonical_endogenous_entity,chemical_identity_or_exposure_layer,"Binding/thermal protection concerns TMED10 protein, not its gene; chemical identity also needed.",AI-assisted passage inspection; not independent expert adjudication,"CETSA demonstrated that beta-sitosterol protects Tmed10 from thermal degradation, while the DARTS assay confirmed that beta-sitosterol binds to Tmed10 and prevents its enzymatic digestion"
16,extracted:fabb142f7fcdb21d243f2863,PMID:40303304,outside_explicit_osteoclast_scope,different_context_or_endpoint,Human endothelial lipogenesis is outside immediate osteoclast mechanism scope.,AI-assisted passage inspection; not independent expert adjudication,NAMPT promoted NADPH pool which is utilized in FASN-mediated lipogenesis.
17,extracted:27cbe815b0ed64d169fe6a5c,PMID:41873344,chemical_intervention_not_explicitly_anchored,intervention_form_species_or_passage_review,Quote lacks named intervention; plant extract is a mixture.,AI-assisted passage inspection; not independent expert adjudication,"TRAP activity, and decreasing osteoclast-specific genes NFATc1 expression"
18,extracted:f87f8d955410381204509e8d,PMID:42249606,outside_explicit_osteoclast_scope,different_context_or_endpoint,Inflammatory mediator expression is not direct osteoclast outcome.,AI-assisted passage inspection; not independent expert adjudication,"Diosmetin significantly suppressed LPS-induced mRNA and protein expression of pro-inflammatory mediators, including COX-2, IL-1beta, and IL-6."
19,extracted:37c24bf166913fa59e9ab3bd,PMID:42491154,chemical_not_mapped_to_canonical_endogenous_entity,different_context_or_endpoint,Osteoblast proliferation requires separate endpoint and context.,AI-assisted passage inspection; not independent expert adjudication,"psoralen in osteoblasts promoted osteoblast proliferation and regulated the phosphorylation of MAPK, AKT, and STAT3. | psoralen exerted its effects through the MAPK, AKT, and STAT3 signaling pathways."
20,extracted:076b3d09082af84984733e64,PMID:42108521,perturbation_role_unresolved,intervention_form_species_or_passage_review,Extracellular vesicle preparation is not a single molecule.,AI-assisted passage inspection; not independent expert adjudication,ADSCs-Exos suppressed early osteoclast differentiation in Pg-LPS-induced in vitro periodontitis model.
21,extracted:68a708e65e08385a7c97b70f,PMID:14528021,gene_versus_protein_intervention_requires_review,bounded_projection_or_process_mapping,Lacking PTPepsilon is valid depletion language missed by the lexical rule; endpoint context still needed.,AI-assisted passage inspection; not independent expert adjudication,that young (<12 weeks) female mice lacking tyrosine phosphatase epsilon (PTPepsilon) exhibit increased trabecular bone mass due to cell-specific defects in osteoclast function.
22,extracted:33cbfe2ed26f5f702a01b1b1,PMID:36768829,chemical_intervention_not_explicitly_anchored,intervention_form_species_or_passage_review,Senolytic combination; implant loss is not a specific molecular outcome.,AI-assisted passage inspection; not independent expert adjudication,"After the administration of senolytics, the number of senescence markers decreased and implant detachment was inhibited. | This study suggests that senescent cells aggravate peri-implantitis and senolytic administration latently reduces implant loss by inhibiting senescence-related mechanisms."
23,extracted:3de0547b46ff3c3ee5a0591b,PMID:34668232,gene_versus_protein_intervention_requires_review,intervention_form_species_or_passage_review,AMPK family and inhibitor intervention cannot become a single gene causal edge.,AI-assisted passage inspection; not independent expert adjudication,"Inactivating AMPK decreased cellular responses against the activation of toll-like receptor signaling, including the transcriptional activation of proinflammatory cytokines and the bone resorption genes TRAP, and MMP9. The elevation of bone resorption by LPS stimulation was disrupted by AMPK inhibitor"
24,extracted:a1cdc980b136cc6603029603,PMID:37958752,non_observed_assertion_retained_in_staging,background_hypothesis_or_no_effect,Background estrogen-deficiency statement.,AI-assisted passage inspection; not independent expert adjudication,"revealed the important role of estrogen deficiency, inflammation, oxidative stress, cellular senescence, and epigenetic factors in the development of bone resorption due to osteoclastogenesis"
25,extracted:246630cd5e2cbbc90098812c,PMID:28973458,gene_versus_protein_intervention_requires_review,intervention_form_species_or_passage_review,Recruitment of SETD1A and TET2 dependence require protein/event representation.,AI-assisted passage inspection; not independent expert adjudication,We prove that the histone H3K4 methyltransferase SETD1A is differentially recruited between MACs and OCs in a TET2-dependent manner.
26,extracted:191232ad617c1fcc3e2d9ac4,PMID:40962326,process_not_in_explicit_mapping,bounded_projection_or_process_mapping,RANKL-induced osteoclast differentiation is a qualified endpoint alias; preserve condition.,AI-assisted passage inspection; not independent expert adjudication,"Lefty2 prevents RANKL-induced bone loss by inhibiting osteoclast differentiation. | In the present study, we show that Lefty2 dramatically inhibits receptor activator of nuclear factor kappa B ligand (RANKL)-induced osteoclast differentiation."
27,extracted:45afb87a289eaed1944799a6,PMID:42129776,chemical_not_mapped_to_canonical_endogenous_entity,chemical_identity_or_exposure_layer,Anti-TNF treatment class is not a uniquely specified compound.,AI-assisted passage inspection; not independent expert adjudication,The GCF RANKL/OPG ratio was statistically significantly lower in anti-TNF-alpha treated patients | at baseline and at 6 months
28,extracted:dc7c3e1b24117fcc76570e65,PMID:9616880,non_observed_assertion_retained_in_staging,background_hypothesis_or_no_effect,"Review discussion of proto-oncogenes, not a new experiment.",AI-assisted passage inspection; not independent expert adjudication,as well as the protooncogenes c-src and c-cbl and their role in bone resorption are presented in detail.
29,extracted:ccef61e43e2443252923b737,PMID:39421672,non_observed_assertion_retained_in_staging,background_hypothesis_or_no_effect,Extract/chemical-class background statement.,AI-assisted passage inspection; not independent expert adjudication,The ethanol extracts and its ingredients (tanshinones) inhibit osteoclastogenesis/bone resorption by inhibiting the MAPK/NF-kappaB/NFATc1 signaling pathway and cathepsin K-induced collagen degradation.
30,extracted:7d7907ac03e932e1fb69ba30,PMID:38877020,perturbation_role_unresolved,intervention_form_species_or_passage_review,Mitochondrial transfer and fragment antecedent need event-level evidence.,AI-assisted passage inspection; not independent expert adjudication,"and protects osteoclastic lineage cells from ferroptosis, thus promoting osteoclast activities."
31,extracted:9c1adba2fceecc468ca4c519,PMID:40474614,perturbation_role_unresolved,intervention_form_species_or_passage_review,Combined PTHrP/RANKL exposure is not a genetic perturbation.,AI-assisted passage inspection; not independent expert adjudication,RAW264.7 cells were cultured with RANKL and PTHrP + RANKL combined intervention | a significant increase in the number and size of bone resorption lacunae in the PTHrP + RANKL combined intervention group compared to those in the RANKL intervention group
32,extracted:eb250e51737bf00c8d2273ad,PMID:41106219,chemical_not_mapped_to_canonical_endogenous_entity,chemical_identity_or_exposure_layer,"Bioceramic sealer is a material preparation, not a small molecule.",AI-assisted passage inspection; not independent expert adjudication,"while further exploring their regulatory roles in receptor activator of nuclear factor kappa-B ligand (RANKL)-induced osteoclastogenesis in vitro. | Notably, all tested sealers exhibited inhibitory effects on osteoclast differentiation, with NeoSEALER Flo demonstrating the most potent suppression. | NeoSEALER Flo, a calcium silicate-based bioceramic sealer | effectively minimises cytotoxicity while inhibiting osteoclast formation and activity."
33,extracted:739324b2a0282ece70cce3fb,PMID:37813884,perturbation_role_unresolved,different_context_or_endpoint,Dry immersion is a physiological intervention outside molecular target mapping.,AI-assisted passage inspection; not independent expert adjudication,Bone remodeling markers suggest a decreased bone formation coupled with an increased bone resorption.
34,extracted:eed470f3c8d72bf22883d1f9,PMID:42367758,non_observed_assertion_retained_in_staging,background_hypothesis_or_no_effect,"Background cell-population effect, not a single molecule.",AI-assisted passage inspection; not independent expert adjudication,"CD28- CD8+ T cells. These aged cells no longer produce enough IFN-gamma to protect bone; instead, they adopt a senescence-associated secretory phenotype (SASP) that suppresses osteoblast differentiation and reduces mesenchymal stromal cell viability."
35,extracted:bc7560305e0d4e4adb841edd,PMID:40750036,perturbation_role_unresolved,different_context_or_endpoint,"Exercise is a systemic intervention, not a molecular target edge.",AI-assisted passage inspection; not independent expert adjudication,"The EX-CON and EX-HUA groups were subjected to 8 weeks of moderate-intensity exercise. | After the exercise intervention, the uric acid level of the EX-HUA group was significantly reduced, the renal function indexes were improved, and the renal pathological damage was reduced. Micro-CT results showed that the bone quality, bone density, trabecular tissue volume, trabecular number, trabecular connectivity, and trabecular thickness of the HUA group were significantly decreased, and trabecular separation was increased, whereas the exercise intervention significantly improved these bone microstructural parameters. In addition, the mRNA and protein expression levels of bone-forming factors (ALP, RUNX2) were significantly reduced in the HUA group, while the expression levels of bone resorption factors (MMP9, NFATC1) were significantly increased, and exercise intervention reversed these changes."
36,extracted:bf56895b61fe5d7ea005f94f,PMID:38934473,chemical_intervention_not_explicitly_anchored,chemical_identity_or_exposure_layer,Document-local IS/indoxyl sulfate alias and chemical identity could recover exposure evidence.,AI-assisted passage inspection; not independent expert adjudication,IS activated the aryl hydrocarbon receptor (AhR) in vitro
37,extracted:5acb695a96fd92a087b91833,PMID:38020139,non_observed_assertion_retained_in_staging,background_hypothesis_or_no_effect,"Review of peptide preparations, not a unique compound experiment.",AI-assisted passage inspection; not independent expert adjudication,"pilose antler polypeptide | Within this context, deer antler peptides emerge as natural active compounds, wielding a pivotal role in governing the differentiation, proliferation, and mineralization of osteoblasts, as well as influencing the activity of osteoclasts. | Furthermore, it offers a comprehensive overview of how deer antler peptides, through their modulation of relevant signaling pathways, contribute to the enhancement of bone homeostasis."
38,extracted:b89aeaf4a75be58c94be4b7c,PMID:25125336,chemical_not_mapped_to_canonical_endogenous_entity,chemical_identity_or_exposure_layer,Named drug is resolvable; cortical/trabecular endpoints need separate definitions.,AI-assisted passage inspection; not independent expert adjudication,"Treatment of rats with the zoledronic acid prevented cortical destruction, inhibited trabecular resorption,"
39,extracted:5ee35437489cbbfceb49b3aa,PMID:42298218,chemical_not_mapped_to_canonical_endogenous_entity,chemical_identity_or_exposure_layer,Strontium hydroxyapatite material requires composition identity.,AI-assisted passage inspection; not independent expert adjudication,SrHAp effectively inhibited RANKL-induced osteoclastogenesis. The morphological analysis of RANKL-treated RAW 264.7 cells revealed a reduction in TRAP-positive multinucleated cells | this result was supported by decreased TRAP activity
40,extracted:1961f226ac388b6c9a76ca12,PMID:34095139,non_observed_assertion_retained_in_staging,background_hypothesis_or_no_effect,Quoted noun fragments do not establish a disease relation.,AI-assisted passage inspection; not independent expert adjudication,recessive osteopetrosis | sorting nexin 10 (SNX10)
41,extracted:6eb46026ff010f6474a1a6e5,PMID:39491119,chemical_not_mapped_to_canonical_endogenous_entity,chemical_identity_or_exposure_layer,DHAP acronym requires article-specific definition; do not assume glycolytic metabolite.,AI-assisted passage inspection; not independent expert adjudication,"In particular, DHAP inhibited the transcriptional activity of nuclear factor of activated T-cells cytoplasmic 1 (NFATc1) during osteoclastogenesis. This inhibition resulted in reduced expression levels of cathepsin k (Ctsk), tartrate-resistant acid phosphatase (Trap), and NFATc1 (Nfatc1), thereby reducing the differentiation of osteoclasts. | Our findings suggest that DHAP inhibits RANKL-induced osteoclastogenesis by inhibiting the NFATc1 signaling pathway."
42,extracted:e6477d5382066bae4f8bd9c6,PMID:40682116,chemical_not_mapped_to_canonical_endogenous_entity,chemical_identity_or_exposure_layer,SIN needs article-specific chemical definition.,AI-assisted passage inspection; not independent expert adjudication,the molecular mechanism of SIN inhibitory effect on osteoclasts is related to the cytoskeleton reorganization | The results indicated that SIN prevents the cytoskeleton reorganization of preosteoclasts
43,extracted:a6fb1e811c4a090d15ec24c6,PMID:42167450,process_not_in_explicit_mapping,intervention_form_species_or_passage_review,ER dysfunction and SOCE are process nodes; do not guess a protein.,AI-assisted passage inspection; not independent expert adjudication,The ER dysfunction further promotes hyperactivation of the store-operated calcium entry (SOCE) pathway
44,extracted:0417bf620d3862ef5322a3c4,PMID:12067102,outside_explicit_osteoclast_scope,different_context_or_endpoint,Fetal osteoblast cytokine response is a different cell context.,AI-assisted passage inspection; not independent expert adjudication,PGE2 accelerated production of IL-1beta in fetal mouse osteoblast
45,extracted:7afa8165977ff4018e71e5c5,PMID:41519796,chemical_not_mapped_to_canonical_endogenous_entity,chemical_identity_or_exposure_layer,Named MPC inhibitor belongs in compound layer after registry resolution.,AI-assisted passage inspection; not independent expert adjudication,"MSDC-0160, a novel clinical-stage mitochondrial pyruvate carrier inhibitor, suppresses osteoclast differentiation"
46,extracted:47a296868abd9e4e1773509f,PMID:39288944,perturbation_role_unresolved,different_context_or_endpoint,Osteogenesis response to DKK1 is a different endpoint and protein intervention.,AI-assisted passage inspection; not independent expert adjudication,"inhibition of this pathway by DKK-1 led to diminished Ctnnb1 and Fzd6, and increased Gsk-3beta and Wnt5a, adversely affecting osteogenesis."
47,extracted:c1f8d17853df6ab41ad750db,PMID:39430543,chemical_intervention_not_explicitly_anchored,intervention_form_species_or_passage_review,Fragment does not name the exposure; CGD requires definition.,AI-assisted passage inspection; not independent expert adjudication,"suppressed the expression of osteoclast markers and actin ring formation, thus attenuating its bone resorption activity"
48,extracted:1709dbcb15cf9e7f1b2b57fd,PMID:39062893,chemical_not_mapped_to_canonical_endogenous_entity,chemical_identity_or_exposure_layer,MDZ requires source-local definition; ROS is a chemical class.,AI-assisted passage inspection; not independent expert adjudication,MDZ inhibited osteoclast differentiation by decreasing ROS production
49,extracted:a69a247c0da91cb97c31a35c,PMID:42495772,non_observed_assertion_retained_in_staging,background_hypothesis_or_no_effect,SCFA class background; do not distribute the class claim to each compound.,AI-assisted passage inspection; not independent expert adjudication,"SCFAs (acetate, propionate and butyrate) suppress osteoclastogenesis via the TRAF6/NFATc1 pathway"
50,extracted:5ffe8398dca87a644f768310,PMID:38660403,chemical_intervention_not_explicitly_anchored,intervention_form_species_or_passage_review,Fragment does not identify SR1; phosphorylation is not automatically kinase activity.,AI-assisted passage inspection; not independent expert adjudication,inhibit c-src phosphorylation
51,extracted:0fc81e6ed4e75bf323db0b06,PMID:40245705,perturbation_role_unresolved,intervention_form_species_or_passage_review,Drug-loaded vesicles are composite interventions.,AI-assisted passage inspection; not independent expert adjudication,MTX-EVs reduced acyl-CoA synthetase-1 (ACSL1) expression
52,extracted:72b10a20cf8957952cbc4de8,PMID:42176681,non_observed_assertion_retained_in_staging,background_hypothesis_or_no_effect,Explicit hypothesis; retain without observed-result promotion.,AI-assisted passage inspection; not independent expert adjudication,while osteoclasts are naturally resistant due to their reliance on glycolysis and the RANKL-ERK1/2 pathway-mediated inhibition of lipoylation. | We hypothesize that
53,extracted:806c022604d76731b5c3035f,PMID:41732798,outside_explicit_osteoclast_scope,different_context_or_endpoint,Fracture and pain endpoints in combination treatment are separate from osteoclast formation.,AI-assisted passage inspection; not independent expert adjudication,"Finally, both alphaRANKL and alphaRANKL+ZOL treatments reduced fracture incidence and improved pain-like behavior in FD mice"
54,extracted:a22e348419b5a0c1b5f91442,PMID:27888287,non_observed_assertion_retained_in_staging,background_hypothesis_or_no_effect,Background osteoblast metabolism statement.,AI-assisted passage inspection; not independent expert adjudication,"Importantly, recent studies have uncovered that Wnt signaling directly reprograms cellular metabolism by stimulating aerobic glycolysis, glutamine catabolism as well as fatty acid oxidation in osteoblast-lineage cells."
55,extracted:8cb8880913b5cd0ebe875b81,PMID:41194532,chemical_not_mapped_to_canonical_endogenous_entity,chemical_identity_or_exposure_layer,CsCA preparation identity needs source definition.,AI-assisted passage inspection; not independent expert adjudication,"At the established non-cytotoxic dose, the effects of CsCA on osteoclast morphology and activity were observed via TRAcP staining and F-actin ring formation assay. | TRAcP staining revealed a significant reduction in osteoclast numbers in CsCA-treated groups. | F-actin ring formation assays demonstrated abnormal cytoskeletal structures."
56,extracted:c5e6d9c2823e2f3458153ef8,PMID:42476292,non_observed_assertion_retained_in_staging,background_hypothesis_or_no_effect,Review of enzyme families and processes.,AI-assisted passage inspection; not independent expert adjudication,"We focus on experimentally supported mechanisms, including ZDHHC-mediated palmitoylation; depalmitoylation by APT, ABHD and PPT enzymes; palmitoylation-sensitive osteoclast differentiation;"
57,extracted:d98b72d9ad96b95329c4a24f,PMID:20719402,perturbation_role_unresolved,intervention_form_species_or_passage_review,Incomplete quote and unknown Src molecular form require context retrieval.,AI-assisted passage inspection; not independent expert adjudication,knockdown of Src in osteoclasts abolishes the formation
58,extracted:59905bf395b89ca18ea7c3d1,PMID:38751789,chemical_not_mapped_to_canonical_endogenous_entity,chemical_identity_or_exposure_layer,ArA needs source-local chemical definition.,AI-assisted passage inspection; not independent expert adjudication,ArA inhibits RANKL-stimulated osteoclast formation and function.
59,extracted:cca7ef367843c57237eb647e,PMID:39073743,chemical_not_mapped_to_canonical_endogenous_entity,chemical_identity_or_exposure_layer,ADP-1 identity needed; source cell is osteoblast.,AI-assisted passage inspection; not independent expert adjudication,"Additionally, ADP-1 suppressed the production of receptor-activator of nuclear kappa B ligand from osteoblasts"
60,extracted:e5d103eac4e32b06b121a3a4,PMID:39430747,compound_complex_or_other_identity_requires_separate_resolution,intervention_form_species_or_passage_review,Cell-population association should not become protein binding.,AI-assisted passage inspection; not independent expert adjudication,Atf3+ macrophages were closely associated with osteoclasts
61,extracted:1eb002ad71181d0fbe7339ed,PMID:39299698,chemical_not_mapped_to_canonical_endogenous_entity,chemical_identity_or_exposure_layer,Paper-local compound 3k requires chemical structure from full text.,AI-assisted passage inspection; not independent expert adjudication,"Among them, 3k showed the most marked inhibition of osteoclast differentiation"
62,extracted:406a64adb8a42644a52d787f,PMID:36215870,chemical_outcome_direction_requires_review,intervention_form_species_or_passage_review,Modal wording and direction unspecified; no signed effect established.,AI-assisted passage inspection; not independent expert adjudication,Reactive oxygen species (ROS) signalling could also be modulated by treatment with AST during RANKL-induced osteoclast differentiation through the Nrf2-HO1 signalling pathway.
63,extracted:24b8a447bcab53e8ef759ffe,PMID:38332583,perturbation_role_unresolved,intervention_form_species_or_passage_review,EV-mediated metabolite delivery requires donor/recipient and intervention separation.,AI-assisted passage inspection; not independent expert adjudication,M2 macrophage-derived extracellular vesicles (M2-EVs) could reprogram OCPs to downregulate osteoclast-specific gene expression | by delivering the molecular metabolite glutamate
64,extracted:27c9cafeb9d1d896a06b758f,PMID:40585986,chemical_not_mapped_to_canonical_endogenous_entity,chemical_identity_or_exposure_layer,MitoQ needs exact chemical form; preserve OTUD1-deficient background.,AI-assisted passage inspection; not independent expert adjudication,"mitochondria-targeted ubiquinone (MitoQ), a mitochondria-targeted antioxidant, effectively suppressed bone mass loss in OTUD1-deficient male mice"
65,extracted:41156056f6c65e9494518cbc,PMID:42072068,chemical_not_mapped_to_canonical_endogenous_entity,chemical_identity_or_exposure_layer,Paper-local SZQ-4 structure required.,AI-assisted passage inspection; not independent expert adjudication,"In an ovariectomy-induced bone loss mouse model, SZQ-4 treatment markedly alleviated femoral bone loss, decreased osteoclast numbers, and lowered ROS levels in the bone marrow microenvironment."
66,extracted:124ba3527840ed13ad5832dc,PMID:39274859,outside_explicit_osteoclast_scope,different_context_or_endpoint,Two noun fragments are insufficient evidence for a relation.,AI-assisted passage inspection; not independent expert adjudication,H-9 | cathepsin K.
67,extracted:1db89fa96be1c8cd83ace3e6,PMID:38068826,chemical_not_mapped_to_canonical_endogenous_entity,chemical_identity_or_exposure_layer,WSE extract identity and general bone endpoint remain unresolved.,AI-assisted passage inspection; not independent expert adjudication,Oral administration of WSE improved bone density and structural parameters
68,extracted:3d82dbff1307e860752ec7b9,PMID:36327872,chemical_intervention_not_explicitly_anchored,chemical_identity_or_exposure_layer,AZD/AZD1390 abbreviation needs local definition; source typo must not be silently repaired.,AI-assisted passage inspection; not independent expert adjudication,"AZD inhibitsthe generation, function and ROS-scavenging enzyme activity of mature osteoclast induced by RANKL stimulation, in a dose-dependent manner."
69,extracted:795a6c90f61277655ea09cc7,PMID:37039914,non_observed_assertion_retained_in_staging,background_hypothesis_or_no_effect,"No-effect observation should remain available as such, not become inhibition.",AI-assisted passage inspection; not independent expert adjudication,"Pulsatile treatment with bortezomib, carfilzomib, or ixazomib induced MM cell death but only marginally affected the viability of osteoclasts (OCs) with F-actin ring formation."
70,extracted:1c3828fc21f2bc8589390afd,PMID:41130306,process_not_in_explicit_mapping,intervention_form_species_or_passage_review,Full abstract mixes human tissue and calvarial model; human assignment is unsupported.,AI-assisted passage inspection; not independent expert adjudication,"However, the knockdown of FSTL1 using adeno-associated virus (AAV) effectively mitigated calvarial osteolysis and decreased both osteoclastogenesis and pro-inflammatory factor expression."
71,extracted:f788ae60aa4de7efc659c62c,PMID:42254021,outside_explicit_osteoclast_scope,different_context_or_endpoint,"Correlation in a different scope, not causal osteoclast regulation.",AI-assisted passage inspection; not independent expert adjudication,Correlation analysis revealed positive correlations between beta-catenin changes and those in TNF-alpha and WNT3A
72,extracted:277276aa0841d104db50bee9,PMID:32170411,chemical_not_mapped_to_canonical_endogenous_entity,chemical_identity_or_exposure_layer,Dasatinib identity is known; recruitment and formation are distinct outcomes.,AI-assisted passage inspection; not independent expert adjudication,"Dasatinib treatment also led to a greater increase in bone density in tibiae without metastatic affection, which was accompanied by reduced recruitment of osteoclasts."
73,extracted:f1ffc7049f2a24d391449ee4,PMID:22941736,gene_versus_protein_intervention_requires_review,intervention_form_species_or_passage_review,Fragment lacks FAK manipulation and receptor form.,AI-assisted passage inspection; not independent expert adjudication,coincident with impaired signaling through the CSF-1R.
74,extracted:474855bfc414181cb38432dc,PMID:35953782,chemical_not_mapped_to_canonical_endogenous_entity,different_context_or_endpoint,Bone-formation factors belong to a separate endpoint.,AI-assisted passage inspection; not independent expert adjudication,"LY294002, expressions of bone resorption-related factors (TRAP, NFATc1) and bone formation-related factors (BMP-2, Runx2) significantly decreased"
75,extracted:c3bed7154c5e021eec73e3f3,PMID:39770893,chemical_not_mapped_to_canonical_endogenous_entity,chemical_identity_or_exposure_layer,Multiple carotenoids named; chemical identities and individual treatment design needed.,AI-assisted passage inspection; not independent expert adjudication,"Osteoclast differentiation is significantly inhibited by lutein, astaxanthin, and beta-cryptoxanthin."
76,extracted:30ebf2ed86d59248064992b0,PMID:19549171,chemical_not_mapped_to_canonical_endogenous_entity,chemical_identity_or_exposure_layer,ATP protonation and receptor/context need explicit mapping.,AI-assisted passage inspection; not independent expert adjudication,ATP induces osteolysis via P2X(7)-nucleotide receptor
77,extracted:9c74b9fa0ef4df438b53d167,PMID:28983590,chemical_not_mapped_to_canonical_endogenous_entity,chemical_identity_or_exposure_layer,Named compound can enter separate exposure layer once identity is confirmed.,AI-assisted passage inspection; not independent expert adjudication,I-BET151 inhibits osteoclastogenesis via the RANKL signaling pathway in RAW264.7 macrophages. | TRACP staining results demonstrated that I-BET151 inhibited osteoclastogenesis induced by RANKL and the inhibition was dose dependent. TRACP multinucleated positive cells were significantly decreased when treated with I-BET151 compared with the RANKL group.
78,extracted:bede9698f80809f625a86f91,PMID:37775917,outside_explicit_osteoclast_scope,different_context_or_endpoint,Dendritic-cell maturation with downstream bone outcome needs cell-to-cell mechanism.,AI-assisted passage inspection; not independent expert adjudication,"In addition, butyrate inhibited the maturation of CD11c+MHC-II+ DCs in vivo, suppressing local inflammatory infiltration and ultimately alleviating bone resorption in a periodontitis model."
79,extracted:e3382ec7d289bd9245337e99,PMID:35879285,registry_or_specimen_identity_unresolved,intervention_form_species_or_passage_review,OGT/OGA interventions at different stages must be separated; quote combines both.,AI-assisted passage inspection; not independent expert adjudication,"Targeted pharmaceutical or genetic inhibition of O-GlcNAc transferase (OGT) or O-GlcNAcase (OGA) arrests osteoclast differentiation during early stages of differentiation and during later maturation, respectively, and ameliorates bone loss in experimental arthritis."
80,extracted:8d9e56a063119a84b9836fb8,PMID:38084677,chemical_not_mapped_to_canonical_endogenous_entity,chemical_identity_or_exposure_layer,TSG requires local chemical expansion.,AI-assisted passage inspection; not independent expert adjudication,TSG inhibited OCs differentiation and bone resorption without any cytotoxicity.
81,extracted:120f541a4845cf94677a823a,PMID:21776413,non_observed_assertion_retained_in_staging,background_hypothesis_or_no_effect,Drug-class background statement.,AI-assisted passage inspection; not independent expert adjudication,"Bisphosphonate drugs, which are widely used in the treatment of bone diseases such as osteoporosis | , act by preventing the prenylation of small GTPases, resulting in the loss of the SZ and RB and therefore inhibition of osteoclast activity, as well as inducing osteoclast apoptosis."
82,extracted:bb800e81aaa1543f2233577c,PMID:41643948,non_observed_assertion_retained_in_staging,background_hypothesis_or_no_effect,Broad background axis statement; do not infer an individual gene mechanism.,AI-assisted passage inspection; not independent expert adjudication,"In addition, the CXCL12/CXCR4 axis and G-protein-coupled receptor 4 (GPCR4) play crucial roles in bone development, remodelling, and pathological conditions such as cancer progression"
83,extracted:d454230059babe03498ef68c,PMID:41674319,compound_complex_or_other_identity_requires_separate_resolution,intervention_form_species_or_passage_review,Residue-specific G-protein/complex binding needs variant/event schema.,AI-assisted passage inspection; not independent expert adjudication,"In addition, the 173 Asp residue of Galphai3 is identified as crucial for RANK-TRAF6 binding during RANKL signaling."
84,extracted:529b6864e629ecfa35333b6a,PMID:41304856,outside_explicit_osteoclast_scope,different_context_or_endpoint,Tritherapy and adipogenesis are outside immediate osteoclast inference.,AI-assisted passage inspection; not independent expert adjudication,Tritherapy significantly and synergistically promoted the expression of an adipogenic marker (fatty acid-binding protein 4) and decreased the expression of an osteoblastogenic marker (osteopontin).
85,extracted:55127ec0d113e950e68431c1,PMID:38358766,chemical_not_mapped_to_canonical_endogenous_entity,chemical_identity_or_exposure_layer,Phi chemical identity and RhoA protein form needed for binding claim.,AI-assisted passage inspection; not independent expert adjudication,Ras homolog gene family member A (RhoA) was identified as the direct target of Phi. It counteracted the effects of RhoA activator and acted as a RhoA inhibitor.
86,extracted:bd19992d3230273789980d6c,PMID:34381782,gene_versus_protein_intervention_requires_review,intervention_form_species_or_passage_review,Fragment omits Elmo1 manipulation; several targets are families.,AI-assisted passage inspection; not independent expert adjudication,"The cells also have a reduced activation of Rac1, p38, JNK, and AKT in response to RANKL stimulation."
87,extracted:7c75a9cf2b71e4c3985c02bd,PMID:41469373,process_not_in_explicit_mapping,intervention_form_species_or_passage_review,Disconnected phrase spans do not establish pathway causal direction.,AI-assisted passage inspection; not independent expert adjudication,the p38MAPK-MK2 pathway | RANKL production abrogating bone loss
88,extracted:b7b2e8059bb076c59eae655d,PMID:40136530,non_observed_assertion_retained_in_staging,background_hypothesis_or_no_effect,Background list of endocrine factors cannot become separate individual effects.,AI-assisted passage inspection; not independent expert adjudication,"Key endocrine factors, including thyroid hormones (T3 and T4), insulin-like growth factor 1 (IGF-1), bone morphogenetic proteins (BMPs), parathyroid hormone (PTH), calcitonin, and fibroblast growth factor 23 (FGF23), play pivotal roles in bone remodeling by regulating osteoblast activity, bone resorption, and mineralization."
89,extracted:7d304f6ba5ae1f42cc46c616,PMID:36395187,perturbation_role_unresolved,intervention_form_species_or_passage_review,"Cell-density protocol is an experimental condition, not a molecular entity.",AI-assisted passage inspection; not independent expert adjudication,Significantly higher levels of osteoclastogenesis were observed with RAW264.7-cell density of 2x104 cells/well in 24-well plates.
90,extracted:cf67c8ad9af6ac72ab104ec8,PMID:42096409,perturbation_role_unresolved,intervention_form_species_or_passage_review,Dry immersion abbreviation and systemic biomarker endpoint.,AI-assisted passage inspection; not independent expert adjudication,while CTX rose (+10%; p<0.05) only in females at DI completion.
91,extracted:eaeb30fc73bd7682c81edd91,PMID:33277741,perturbation_role_unresolved,intervention_form_species_or_passage_review,OPG exposure is incorrectly represented with osteoclasts as causal subject.,AI-assisted passage inspection; not independent expert adjudication,"This study aimed to explore the role of c-Fos during osteoprotegerin (OPG)-mediated suppression of osteoclastogenesis. We found that the number of osteoclasts and the expression of c-Fos, MMP-9, CAII, Src and p62 were decreased after treated with OPG, including attenuation the PI3K/Akt and the TAK1/S6 signalling pathways, but the expression of Beclin1 and LC3II were increased."
92,extracted:c4f16b703d60df5453a7d511,PMID:28123301,measured_endpoint_does_not_explicitly_identify_target,intervention_form_species_or_passage_review,Expression correlation should remain unsigned; molecular form needs clarification.,AI-assisted passage inspection; not independent expert adjudication,There was a positive correlation between expression of EGFR and RANK (P<0.001).
93,extracted:f3d1127b6354d1fa52cb2fda,PMID:42444440,non_observed_assertion_retained_in_staging,background_hypothesis_or_no_effect,Materials-class background statement.,AI-assisted passage inspection; not independent expert adjudication,"bone mass-regulating materials, meanwhile, restore bone homeostasis by inhibiting abnormal osteoclastic activity and promoting the osteogenic process"
94,extracted:a5b02238ee7df57ac16e9582,PMID:10428500,non_observed_assertion_retained_in_staging,background_hypothesis_or_no_effect,Background stromal-cell RANKL mechanism; primary evidence needed.,AI-assisted passage inspection; not independent expert adjudication,"The marrow microenvironment appears critical for osteoclast formation due to production of RANK ligand, a recently described osteoclast differentiation factor, by marrow stromal cells in response to a variety of osteotropic factors."
95,extracted:baf59ec4b385452cef8464c4,PMID:40783773,outside_explicit_osteoclast_scope,different_context_or_endpoint,BMSC osteogenesis belongs to separate outcome/context.,AI-assisted passage inspection; not independent expert adjudication,calpeptin significantly enhanced osteogenic differentiation of BMSCs by activating the Dlx3-RUNX2 pathway | calpeptin activates bone formation via the Dlx3-RUNX2 pathway
96,extracted:09046f686f4e9aabe6cca890,PMID:38370357,non_observed_assertion_retained_in_staging,background_hypothesis_or_no_effect,Review-level mitochondrial dysfunction association.,AI-assisted passage inspection; not independent expert adjudication,"Mitochondrial dysfunction has been reported | to potentially constitute one of the most crucial mechanisms influencing the pathogenesis of osteoporosis. | we investigated and analyzed the correlation between mitochondrial dysfunction, encompassing"
97,extracted:52df242fec66fd29730b2852,PMID:31478281,chemical_not_mapped_to_canonical_endogenous_entity,chemical_identity_or_exposure_layer,THF is ambiguous; do not assume tetrahydrofolate.,AI-assisted passage inspection; not independent expert adjudication,"THF inhibited the expression of c-Fos, nuclear factor-activated T cells cytoplasm 1, cathepsin K, and c-src by RANKL."
98,extracted:f455f70b391c7a94c4c6b006,PMID:32222639,chemical_not_mapped_to_canonical_endogenous_entity,chemical_identity_or_exposure_layer,Specific stereochemical terrein exposure; registry identity and RNA endpoints needed.,AI-assisted passage inspection; not independent expert adjudication,"In the present study, we showed that 10 microM synthetic (+)-terrein inhibited RANKL-induced osteoclast formation and bone resorption in a dose-dependent manner and without cytotoxicity. RANKL-induced messenger RNA expression of osteoclast-specific markers including nuclear factor of activated T-cells cytoplasmic 1 (NFATc1), the master regulator of osteoclastogenesis, cathepsin K, tartrate-resistant acid phosphatase (Trap) was completely inhibited by synthetic (+)-terrein treatment."
99,extracted:ed9392a55eb9b6a3de0b7ca0,PMID:32627870,non_observed_assertion_retained_in_staging,background_hypothesis_or_no_effect,Background metabolic requirement; no new experiment in quoted statement.,AI-assisted passage inspection; not independent expert adjudication,Both aerobic glycolysis and mitochondrial respiration are required for osteoclast differentiation.
100,extracted:dfacc628db7815f0fba6d5c1,PMID:30579930,non_observed_assertion_retained_in_staging,background_hypothesis_or_no_effect,Background LYN mediation statement.,AI-assisted passage inspection; not independent expert adjudication,"LYN, a key mediator in estrogen-dependent suppression of osteoclast differentiation, survival, and function."
101,extracted:0d4d8ec8b477ead8d8be8e6c,PMID:37204634,non_observed_assertion_retained_in_staging,background_hypothesis_or_no_effect,"Definition of bone remodeling, not a perturbation result.",AI-assisted passage inspection; not independent expert adjudication,This process is referred to as 'bone remodeling' and it involves two stages - a well-balanced osteoclastic bone resorption and an osteoblastic bone formation.
102,extracted:824c2a268ce893d110966251,PMID:41605382,non_observed_assertion_retained_in_staging,background_hypothesis_or_no_effect,Background periodontitis statement.,AI-assisted passage inspection; not independent expert adjudication,periodontitis frequently leads to tooth loss and heightens the risk of systemic diseases. A major clinical challenge is that current strategies often fail to resolve chronic inflammation and bone resorption | promotes myeloid cell skewing and amplifies inflammatory responses and bone loss.
103,extracted:6cef1dcb86f175464c0625ce,PMID:40507804,non_observed_assertion_retained_in_staging,background_hypothesis_or_no_effect,Background RANKL essentiality statement.,AI-assisted passage inspection; not independent expert adjudication,Receptor activator of nuclear factor-kappaB ligand (RANKL) is essential for osteoclast formation and bone resorption
104,extracted:c45f9a88d878fa7fe98f0d47,PMID:12900398,perturbation_role_unresolved,intervention_form_species_or_passage_review,Beta3 absence did not disrupt Pyk2 activation; preserve no-effect versus calcium dependence.,AI-assisted passage inspection; not independent expert adjudication,"Interestingly, although the FAK-related kinase Pyk2 interacts with c-Src and c-Cbl, its activation is not disrupted in the absence of functional beta3. Instead, its activation is dependent upon intracellular calcium, and on the beta2 integrin. Thus, the beta3 cytoplasmic domain is responsible for activation of specific intracellular signals leading to cytoskeletal reorganization critical for OC function."
105,extracted:69a1f635868b0ba939f324c7,PMID:41993196,non_observed_assertion_retained_in_staging,background_hypothesis_or_no_effect,"Review proposal, not observed result.",AI-assisted passage inspection; not independent expert adjudication,"Activation of the inflammation-immune axis exacerbates bone resorption and muscle atrophy through pathways such as NF-kappaB and STAT3, along with imbalanced immune cell polarization"
106,extracted:3562d2ea7402b68e604987f3,PMID:41019997,chemical_not_mapped_to_canonical_endogenous_entity,chemical_identity_or_exposure_layer,ICT/icaritin local alias recoverable; RNA/protein expression distinctions remain.,AI-assisted passage inspection; not independent expert adjudication,"ICT significantly enhanced the expression of ESR1, ESR2 and miR-503, while inhibiting RANK expression"
107,extracted:445bd94a8341331252faa47b,PMID:42274424,chemical_intervention_not_explicitly_anchored,chemical_identity_or_exposure_layer,Lobelia extract is a mixture even when abbreviation is resolved.,AI-assisted passage inspection; not independent expert adjudication,L.C. significantly inhibited TRAP-positive multinucleated osteoclast formation from bone marrow-derived macrophages without cytotoxicity.
108,extracted:c5a31e97b6b42470ed3f2b57,PMID:39054859,perturbation_role_unresolved,intervention_form_species_or_passage_review,"Plasminogen-deficient mice are an organism/model, not a molecular subject.",AI-assisted passage inspection; not independent expert adjudication,"Plasminogen-deficient (Plg-/-) mice were employed to evaluate the effects of fibrin deposition on inflammation, bone resorption, and neutrophil infiltration in periodontal tissues. | Plasminogen deficiency resulted in increased fibrin deposition, neutrophil infiltration, inflammatory factors concentration, and alveolar bone resorption in periodontal tissues."
109,extracted:385a7e83b5593c4b138615c7,PMID:41837591,chemical_intervention_not_explicitly_anchored,different_context_or_endpoint,Osteoblast effect; pronoun-only exposure requires preceding text.,AI-assisted passage inspection; not independent expert adjudication,"Simultaneously, it promoted osteoblast differentiation and increased the expression of osteogenic markers (RUNX2, OSX, and COL1)"
110,extracted:d0849044f4dbbcfa2386d7d9,PMID:42143768,non_observed_assertion_retained_in_staging,background_hypothesis_or_no_effect,Nonsignificant depression association is not a negative signed regulation.,AI-assisted passage inspection; not independent expert adjudication,"RANKL, OPG, and the RANKL/OPG ratio were higher in depressed individuals, but differences were not statistically significant (p > 0.05). | Periodontitis and its severity significantly influence salivary RANKL and the RANKL/OPG ratio, while depression does not. Within the limits of this cross-sectional design, no evidence was found that RANKL and OPG act as intermediary biomarkers linking depression and periodontitis."
111,extracted:008d82bb6dd4059813fc2b19,PMID:37121966,process_not_in_explicit_mapping,bounded_projection_or_process_mapping,Actin depolymerization is a distinct endpoint; no effect on sealing-zone formation.,AI-assisted passage inspection; not independent expert adjudication,GMFB participated in osteoclast activation rather than proliferation. Gmfb deficiency did not affect osteoclast sealing zone (SZ) formation but effectively decreased the SZ area by decreasing actin depolymerization.
112,extracted:cdb95f93049631ba77e51f29,PMID:26209605,chemical_not_mapped_to_canonical_endogenous_entity,chemical_identity_or_exposure_layer,"Cilengitide identity is resolvable; FAK activation concerns protein, not gene.",AI-assisted passage inspection; not independent expert adjudication,"The activation of the most upstream signal transduction molecules of the integrin receptor-initiated pathway, FAK and c-Src, were consistently blocked by cilengitide"
113,extracted:490a246229db9cda1a9b1c4f,PMID:36768829,chemical_intervention_not_explicitly_anchored,chemical_identity_or_exposure_layer,Dasatinib/quercetin combination cannot be attributed to either constituent.,AI-assisted passage inspection; not independent expert adjudication,"After the administration of senolytics, the number of senescence markers decreased and implant detachment was inhibited."
114,extracted:05ac506f28585c3a9e264b75,PMID:38956196,chemical_intervention_not_explicitly_anchored,chemical_identity_or_exposure_layer,Combination treatment and systemic P1NP endpoint are not drug-specific osteoclast formation.,AI-assisted passage inspection; not independent expert adjudication,"The secondary endpoint, percentage changes in the bone formation marker procollagen type 1 N-terminal propeptide (P1NP), increased significantly (relative to control) in the D + Q group at both 2 weeks (+16%, P = 0.020) and 4 weeks (+16%, P = 0.024)"
115,extracted:dd155a61a89bf63cd0cacf89,PMID:36678499,chemical_not_mapped_to_canonical_endogenous_entity,chemical_identity_or_exposure_layer,Named acacetin exposure is useful in chemical layer after registry mapping.,AI-assisted passage inspection; not independent expert adjudication,"acacetin, a flavone with potential therapeutic effects in infections, cancers, and several metabolic disorders, inhibited osteoclast differentiation and bone resorption in vitro"
116,extracted:f06457a4656f8b4200c9e00d,PMID:38934473,outside_explicit_osteoclast_scope,different_context_or_endpoint,Osteogenesis/ferroptosis route does not by itself establish osteoclast mechanism.,AI-assisted passage inspection; not independent expert adjudication,"Indoxyl sulfate exacerbates alveolar bone loss in chronic kidney disease through ferroptosis. | IS activated the AhR/SLC7A11/GPX4 signaling pathway, inhibited osteogenesis in MC3T3-E1 cells, and participated in alveolar bone resorption in CKD model mice through ferroptosis."
117,extracted:3454ee7137574ed32171002d,PMID:39978975,non_observed_assertion_retained_in_staging,background_hypothesis_or_no_effect,Background inflammation association.,AI-assisted passage inspection; not independent expert adjudication,"Chronic low-grade inflammation is now recognized as a significant contributor to osteoporosis, particularly in postmenopausal women and the elderly."
118,extracted:959593e8f1547e7ab52eca34,PMID:35806338,gene_versus_protein_intervention_requires_review,intervention_form_species_or_passage_review,Glucocorticoid effect mediated by enzyme is not an HSD11B1 gene perturbation.,AI-assisted passage inspection; not independent expert adjudication,"In osteoclasts, 11beta-HSD1 mediated the suppression of bone resorption by GCs."
119,extracted:b0e5ec5b254d26f923d02b0b,PMID:42257459,outside_explicit_osteoclast_scope,different_context_or_endpoint,Quoted methods do not establish the summary result; cartilage context differs.,AI-assisted passage inspection; not independent expert adjudication,"mice. The expressions of iron transportation-associated genes including TFRC and SLC39A14, and ferroptosis-related markers were detected in TMJ cartilage | Knockdown of Tfrc and knockdown of Drp1 by small interfering RNA in ATDC5 cell line under mechanical overloading were used to investigate the mechanism in vitro"
