record_type,record_id,change,reason
node,LOCAL:protein:mouse:TNFSF11,HGNC:TNFSF11 -> LOCAL:protein:mouse:TNFSF11,Explicit molecule identity; not an official registry accession. No invented DNA gene nodes.
node,LOCAL:protein:mouse:TNFRSF11A,HGNC:TNFRSF11A -> LOCAL:protein:mouse:TNFRSF11A,Explicit molecule identity; not an official registry accession. No invented DNA gene nodes.
node,LOCAL:protein:mouse:TNFRSF11B,HGNC:TNFRSF11B -> LOCAL:protein:mouse:TNFRSF11B,Explicit molecule identity; not an official registry accession. No invented DNA gene nodes.
node,LOCAL:protein:mouse:TRAF6,HGNC:TRAF6 -> LOCAL:protein:mouse:TRAF6,Explicit molecule identity; not an official registry accession. No invented DNA gene nodes.
node,LOCAL:protein:mouse:TRAF3,HGNC:TRAF3 -> LOCAL:protein:mouse:TRAF3,Explicit molecule identity; not an official registry accession. No invented DNA gene nodes.
node,LOCAL:protein:mouse:CHUK,HGNC:CHUK -> LOCAL:protein:mouse:CHUK,Explicit molecule identity; not an official registry accession. No invented DNA gene nodes.
node,LOCAL:protein:mouse:IKBKB,HGNC:IKBKB -> LOCAL:protein:mouse:IKBKB,Explicit molecule identity; not an official registry accession. No invented DNA gene nodes.
node,LOCAL:protein:mouse:IKBKG,HGNC:IKBKG -> LOCAL:protein:mouse:IKBKG,Explicit molecule identity; not an official registry accession. No invented DNA gene nodes.
node,LOCAL:protein:mouse:NFKB1,HGNC:NFKB1 -> LOCAL:protein:mouse:NFKB1,Explicit molecule identity; not an official registry accession. No invented DNA gene nodes.
node,LOCAL:protein:mouse:RELA,HGNC:RELA -> LOCAL:protein:mouse:RELA,Explicit molecule identity; not an official registry accession. No invented DNA gene nodes.
node,LOCAL:protein:mouse:NFKB2,HGNC:NFKB2 -> LOCAL:protein:mouse:NFKB2,Explicit molecule identity; not an official registry accession. No invented DNA gene nodes.
node,LOCAL:protein:mouse:RELB,HGNC:RELB -> LOCAL:protein:mouse:RELB,Explicit molecule identity; not an official registry accession. No invented DNA gene nodes.
node,LOCAL:protein:mouse:MAP3K14,HGNC:MAP3K14 -> LOCAL:protein:mouse:MAP3K14,Explicit molecule identity; not an official registry accession. No invented DNA gene nodes.
node,LOCAL:protein:mouse:MAP3K7,HGNC:MAP3K7 -> LOCAL:protein:mouse:MAP3K7,Explicit molecule identity; not an official registry accession. No invented DNA gene nodes.
node,LOCAL:protein:mouse:TAB1,HGNC:TAB1 -> LOCAL:protein:mouse:TAB1,Explicit molecule identity; not an official registry accession. No invented DNA gene nodes.
node,LOCAL:protein:mouse:TAB2,HGNC:TAB2 -> LOCAL:protein:mouse:TAB2,Explicit molecule identity; not an official registry accession. No invented DNA gene nodes.
node,LOCAL:protein:mouse:MAPK14,HGNC:MAPK14 -> LOCAL:protein:mouse:MAPK14,Explicit molecule identity; not an official registry accession. No invented DNA gene nodes.
node,LOCAL:protein:mouse:MAPK8,HGNC:MAPK8 -> LOCAL:protein:mouse:MAPK8,Explicit molecule identity; not an official registry accession. No invented DNA gene nodes.
node,LOCAL:protein:mouse:MAPK1,HGNC:MAPK1 -> LOCAL:protein:mouse:MAPK1,Explicit molecule identity; not an official registry accession. No invented DNA gene nodes.
node,LOCAL:protein:mouse:FOS,HGNC:FOS -> LOCAL:protein:mouse:FOS,Explicit molecule identity; not an official registry accession. No invented DNA gene nodes.
node,LOCAL:protein:mouse:JUN,HGNC:JUN -> LOCAL:protein:mouse:JUN,Explicit molecule identity; not an official registry accession. No invented DNA gene nodes.
node,LOCAL:protein:mouse:NFATC1,HGNC:NFATC1 -> LOCAL:protein:mouse:NFATC1,Explicit molecule identity; not an official registry accession. No invented DNA gene nodes.
node,LOCAL:protein:mouse:SPI1,HGNC:SPI1 -> LOCAL:protein:mouse:SPI1,Explicit molecule identity; not an official registry accession. No invented DNA gene nodes.
node,LOCAL:protein:mouse:MITF,HGNC:MITF -> LOCAL:protein:mouse:MITF,Explicit molecule identity; not an official registry accession. No invented DNA gene nodes.
node,LOCAL:protein:mouse:TFE3,HGNC:TFE3 -> LOCAL:protein:mouse:TFE3,Explicit molecule identity; not an official registry accession. No invented DNA gene nodes.
node,LOCAL:protein:mouse:CEBPA,HGNC:CEBPA -> LOCAL:protein:mouse:CEBPA,Explicit molecule identity; not an official registry accession. No invented DNA gene nodes.
node,LOCAL:protein:mouse:CREB1,HGNC:CREB1 -> LOCAL:protein:mouse:CREB1,Explicit molecule identity; not an official registry accession. No invented DNA gene nodes.
node,LOCAL:protein:mouse:CAMK4,HGNC:CAMK4 -> LOCAL:protein:mouse:CAMK4,Explicit molecule identity; not an official registry accession. No invented DNA gene nodes.
node,LOCAL:protein:mouse:IRF8,HGNC:IRF8 -> LOCAL:protein:mouse:IRF8,Explicit molecule identity; not an official registry accession. No invented DNA gene nodes.
node,LOCAL:protein:mouse:PRDM1,HGNC:PRDM1 -> LOCAL:protein:mouse:PRDM1,Explicit molecule identity; not an official registry accession. No invented DNA gene nodes.
node,LOCAL:protein:mouse:BCL6,HGNC:BCL6 -> LOCAL:protein:mouse:BCL6,Explicit molecule identity; not an official registry accession. No invented DNA gene nodes.
node,LOCAL:protein:mouse:RBPJ,HGNC:RBPJ -> LOCAL:protein:mouse:RBPJ,Explicit molecule identity; not an official registry accession. No invented DNA gene nodes.
node,LOCAL:protein:mouse:GNA13,HGNC:GNA13 -> LOCAL:protein:mouse:GNA13,Explicit molecule identity; not an official registry accession. No invented DNA gene nodes.
node,LOCAL:protein:mouse:RGS10,HGNC:RGS10 -> LOCAL:protein:mouse:RGS10,Explicit molecule identity; not an official registry accession. No invented DNA gene nodes.
node,LOCAL:protein:mouse:RGS12,HGNC:RGS12 -> LOCAL:protein:mouse:RGS12,Explicit molecule identity; not an official registry accession. No invented DNA gene nodes.
node,LOCAL:protein:mouse:IFT80,HGNC:IFT80 -> LOCAL:protein:mouse:IFT80,Explicit molecule identity; not an official registry accession. No invented DNA gene nodes.
node,LOCAL:protein:mouse:CBLB,HGNC:CBLB -> LOCAL:protein:mouse:CBLB,Explicit molecule identity; not an official registry accession. No invented DNA gene nodes.
node,LOCAL:protein:mouse:XPO1,HGNC:XPO1 -> LOCAL:protein:mouse:XPO1,Explicit molecule identity; not an official registry accession. No invented DNA gene nodes.
node,LOCAL:protein:mouse:TYROBP,HGNC:TYROBP -> LOCAL:protein:mouse:TYROBP,Explicit molecule identity; not an official registry accession. No invented DNA gene nodes.
node,LOCAL:protein:mouse:FCER1G,HGNC:FCER1G -> LOCAL:protein:mouse:FCER1G,Explicit molecule identity; not an official registry accession. No invented DNA gene nodes.
node,LOCAL:protein:mouse:OSCAR,HGNC:OSCAR -> LOCAL:protein:mouse:OSCAR,Explicit molecule identity; not an official registry accession. No invented DNA gene nodes.
node,LOCAL:protein:mouse:TREM2,HGNC:TREM2 -> LOCAL:protein:mouse:TREM2,Explicit molecule identity; not an official registry accession. No invented DNA gene nodes.
node,LOCAL:protein:mouse:SYK,HGNC:SYK -> LOCAL:protein:mouse:SYK,Explicit molecule identity; not an official registry accession. No invented DNA gene nodes.
node,LOCAL:protein:mouse:BTK,HGNC:BTK -> LOCAL:protein:mouse:BTK,Explicit molecule identity; not an official registry accession. No invented DNA gene nodes.
node,LOCAL:protein:mouse:BLNK,HGNC:BLNK -> LOCAL:protein:mouse:BLNK,Explicit molecule identity; not an official registry accession. No invented DNA gene nodes.
node,LOCAL:protein:mouse:LCP2,HGNC:LCP2 -> LOCAL:protein:mouse:LCP2,Explicit molecule identity; not an official registry accession. No invented DNA gene nodes.
node,LOCAL:protein:mouse:PLCG2,HGNC:PLCG2 -> LOCAL:protein:mouse:PLCG2,Explicit molecule identity; not an official registry accession. No invented DNA gene nodes.
node,LOCAL:protein:mouse:PPP3CA,HGNC:PPP3CA -> LOCAL:protein:mouse:PPP3CA,Explicit molecule identity; not an official registry accession. No invented DNA gene nodes.
node,LOCAL:protein:mouse:CALM1,HGNC:CALM1 -> LOCAL:protein:mouse:CALM1,Explicit molecule identity; not an official registry accession. No invented DNA gene nodes.
node,LOCAL:protein:mouse:CALCR,HGNC:CALCR -> LOCAL:protein:mouse:CALCR,Explicit molecule identity; not an official registry accession. No invented DNA gene nodes.
node,LOCAL:protein:mouse:IFNB1,HGNC:IFNB1 -> LOCAL:protein:mouse:IFNB1,Explicit molecule identity; not an official registry accession. No invented DNA gene nodes.
node,LOCAL:protein:mouse:IFNAR1,HGNC:IFNAR1 -> LOCAL:protein:mouse:IFNAR1,Explicit molecule identity; not an official registry accession. No invented DNA gene nodes.
node,LOCAL:protein:mouse:HK2,HGNC:HK2 -> LOCAL:protein:mouse:HK2,Explicit molecule identity; not an official registry accession. No invented DNA gene nodes.
node,LOCAL:protein:mouse:GPI,HGNC:GPI -> LOCAL:protein:mouse:GPI,Explicit molecule identity; not an official registry accession. No invented DNA gene nodes.
node,LOCAL:protein:mouse:PFKFB3,HGNC:PFKFB3 -> LOCAL:protein:mouse:PFKFB3,Explicit molecule identity; not an official registry accession. No invented DNA gene nodes.
node,LOCAL:protein:mouse:PFKM,HGNC:PFKM -> LOCAL:protein:mouse:PFKM,Explicit molecule identity; not an official registry accession. No invented DNA gene nodes.
node,LOCAL:protein:mouse:ALDOA,HGNC:ALDOA -> LOCAL:protein:mouse:ALDOA,Explicit molecule identity; not an official registry accession. No invented DNA gene nodes.
node,LOCAL:protein:mouse:GAPDH,HGNC:GAPDH -> LOCAL:protein:mouse:GAPDH,Explicit molecule identity; not an official registry accession. No invented DNA gene nodes.
node,LOCAL:protein:mouse:PGK1,HGNC:PGK1 -> LOCAL:protein:mouse:PGK1,Explicit molecule identity; not an official registry accession. No invented DNA gene nodes.
node,LOCAL:protein:mouse:PGAM1,HGNC:PGAM1 -> LOCAL:protein:mouse:PGAM1,Explicit molecule identity; not an official registry accession. No invented DNA gene nodes.
node,LOCAL:protein:mouse:ENO1,HGNC:ENO1 -> LOCAL:protein:mouse:ENO1,Explicit molecule identity; not an official registry accession. No invented DNA gene nodes.
node,LOCAL:protein:mouse:PKM,HGNC:PKM -> LOCAL:protein:mouse:PKM,Explicit molecule identity; not an official registry accession. No invented DNA gene nodes.
node,LOCAL:protein:mouse:LDHA,HGNC:LDHA -> LOCAL:protein:mouse:LDHA,Explicit molecule identity; not an official registry accession. No invented DNA gene nodes.
node,LOCAL:protein:mouse:CS,HGNC:CS -> LOCAL:protein:mouse:CS,Explicit molecule identity; not an official registry accession. No invented DNA gene nodes.
node,LOCAL:protein:mouse:ACO2,HGNC:ACO2 -> LOCAL:protein:mouse:ACO2,Explicit molecule identity; not an official registry accession. No invented DNA gene nodes.
node,LOCAL:protein:mouse:IDH2,HGNC:IDH2 -> LOCAL:protein:mouse:IDH2,Explicit molecule identity; not an official registry accession. No invented DNA gene nodes.
node,LOCAL:protein:mouse:OGDH,HGNC:OGDH -> LOCAL:protein:mouse:OGDH,Explicit molecule identity; not an official registry accession. No invented DNA gene nodes.
node,LOCAL:protein:mouse:SUCLG1,HGNC:SUCLG1 -> LOCAL:protein:mouse:SUCLG1,Explicit molecule identity; not an official registry accession. No invented DNA gene nodes.
node,LOCAL:protein:mouse:SDHA,HGNC:SDHA -> LOCAL:protein:mouse:SDHA,Explicit molecule identity; not an official registry accession. No invented DNA gene nodes.
node,LOCAL:protein:mouse:FH,HGNC:FH -> LOCAL:protein:mouse:FH,Explicit molecule identity; not an official registry accession. No invented DNA gene nodes.
node,LOCAL:protein:mouse:MDH2,HGNC:MDH2 -> LOCAL:protein:mouse:MDH2,Explicit molecule identity; not an official registry accession. No invented DNA gene nodes.
node,LOCAL:protein:mouse:PC,HGNC:PC -> LOCAL:protein:mouse:PC,Explicit molecule identity; not an official registry accession. No invented DNA gene nodes.
node,LOCAL:protein:mouse:GLS,HGNC:GLS -> LOCAL:protein:mouse:GLS,Explicit molecule identity; not an official registry accession. No invented DNA gene nodes.
node,LOCAL:protein:mouse:PHGDH,HGNC:PHGDH -> LOCAL:protein:mouse:PHGDH,Explicit molecule identity; not an official registry accession. No invented DNA gene nodes.
node,LOCAL:protein:mouse:PSAT1,HGNC:PSAT1 -> LOCAL:protein:mouse:PSAT1,Explicit molecule identity; not an official registry accession. No invented DNA gene nodes.
node,LOCAL:protein:mouse:PSPH,HGNC:PSPH -> LOCAL:protein:mouse:PSPH,Explicit molecule identity; not an official registry accession. No invented DNA gene nodes.
node,LOCAL:protein:mouse:ACOD1,HGNC:ACOD1 -> LOCAL:protein:mouse:ACOD1,Explicit molecule identity; not an official registry accession. No invented DNA gene nodes.
node,LOCAL:protein:mouse:PRMT6,HGNC:PRMT6 -> LOCAL:protein:mouse:PRMT6,Explicit molecule identity; not an official registry accession. No invented DNA gene nodes.
node,LOCAL:protein:mouse:KDM6B,HGNC:KDM6B -> LOCAL:protein:mouse:KDM6B,Explicit molecule identity; not an official registry accession. No invented DNA gene nodes.
node,LOCAL:protein:mouse:KDM4A,HGNC:KDM4A -> LOCAL:protein:mouse:KDM4A,Explicit molecule identity; not an official registry accession. No invented DNA gene nodes.
node,LOCAL:protein:mouse:EZH2,HGNC:EZH2 -> LOCAL:protein:mouse:EZH2,Explicit molecule identity; not an official registry accession. No invented DNA gene nodes.
node,LOCAL:protein:mouse:SIRT3,HGNC:SIRT3 -> LOCAL:protein:mouse:SIRT3,Explicit molecule identity; not an official registry accession. No invented DNA gene nodes.
node,LOCAL:protein:mouse:PDHA1,HGNC:PDHA1 -> LOCAL:protein:mouse:PDHA1,Explicit molecule identity; not an official registry accession. No invented DNA gene nodes.
node,LOCAL:protein:mouse:EP300,HGNC:EP300 -> LOCAL:protein:mouse:EP300,Explicit molecule identity; not an official registry accession. No invented DNA gene nodes.
node,LOCAL:protein:mouse:TET2,HGNC:TET2 -> LOCAL:protein:mouse:TET2,Explicit molecule identity; not an official registry accession. No invented DNA gene nodes.
node,LOCAL:protein:mouse:PPARD,HGNC:PPARD -> LOCAL:protein:mouse:PPARD,Explicit molecule identity; not an official registry accession. No invented DNA gene nodes.
node,LOCAL:protein:mouse:CPT1A,HGNC:CPT1A -> LOCAL:protein:mouse:CPT1A,Explicit molecule identity; not an official registry accession. No invented DNA gene nodes.
node,LOCAL:protein:mouse:MAFB,HGNC:MAFB -> LOCAL:protein:mouse:MAFB,Explicit molecule identity; not an official registry accession. No invented DNA gene nodes.
node,LOCAL:protein:mouse:PDCD4,HGNC:PDCD4 -> LOCAL:protein:mouse:PDCD4,Explicit molecule identity; not an official registry accession. No invented DNA gene nodes.
node,LOCAL:protein:mouse:TGIF2,HGNC:TGIF2 -> LOCAL:protein:mouse:TGIF2,Explicit molecule identity; not an official registry accession. No invented DNA gene nodes.
node,LOCAL:protein:mouse:ITGAV,HGNC:ITGAV -> LOCAL:protein:mouse:ITGAV,Explicit molecule identity; not an official registry accession. No invented DNA gene nodes.
node,LOCAL:protein:mouse:ITGB3,HGNC:ITGB3 -> LOCAL:protein:mouse:ITGB3,Explicit molecule identity; not an official registry accession. No invented DNA gene nodes.
node,LOCAL:protein:mouse:SRC,HGNC:SRC -> LOCAL:protein:mouse:SRC,Explicit molecule identity; not an official registry accession. No invented DNA gene nodes.
node,LOCAL:protein:mouse:PTK2B,HGNC:PTK2B -> LOCAL:protein:mouse:PTK2B,Explicit molecule identity; not an official registry accession. No invented DNA gene nodes.
node,LOCAL:protein:mouse:VAV3,HGNC:VAV3 -> LOCAL:protein:mouse:VAV3,Explicit molecule identity; not an official registry accession. No invented DNA gene nodes.
node,LOCAL:protein:mouse:RAC1,HGNC:RAC1 -> LOCAL:protein:mouse:RAC1,Explicit molecule identity; not an official registry accession. No invented DNA gene nodes.
node,LOCAL:protein:mouse:CDC42,HGNC:CDC42 -> LOCAL:protein:mouse:CDC42,Explicit molecule identity; not an official registry accession. No invented DNA gene nodes.
node,LOCAL:protein:mouse:RHOA,HGNC:RHOA -> LOCAL:protein:mouse:RHOA,Explicit molecule identity; not an official registry accession. No invented DNA gene nodes.
node,LOCAL:protein:mouse:CTTN,HGNC:CTTN -> LOCAL:protein:mouse:CTTN,Explicit molecule identity; not an official registry accession. No invented DNA gene nodes.
node,LOCAL:protein:mouse:WAS,HGNC:WAS -> LOCAL:protein:mouse:WAS,Explicit molecule identity; not an official registry accession. No invented DNA gene nodes.
node,LOCAL:protein:mouse:MSN,HGNC:MSN -> LOCAL:protein:mouse:MSN,Explicit molecule identity; not an official registry accession. No invented DNA gene nodes.
node,LOCAL:protein:mouse:DCSTAMP,HGNC:DCSTAMP -> LOCAL:protein:mouse:DCSTAMP,Explicit molecule identity; not an official registry accession. No invented DNA gene nodes.
node,LOCAL:protein:mouse:OCSTAMP,HGNC:OCSTAMP -> LOCAL:protein:mouse:OCSTAMP,Explicit molecule identity; not an official registry accession. No invented DNA gene nodes.
node,LOCAL:protein:mouse:SNX10,HGNC:SNX10 -> LOCAL:protein:mouse:SNX10,Explicit molecule identity; not an official registry accession. No invented DNA gene nodes.
node,LOCAL:protein:mouse:ATP6V0D2,HGNC:ATP6V0D2 -> LOCAL:protein:mouse:ATP6V0D2,Explicit molecule identity; not an official registry accession. No invented DNA gene nodes.
node,LOCAL:protein:mouse:TCIRG1,HGNC:TCIRG1 -> LOCAL:protein:mouse:TCIRG1,Explicit molecule identity; not an official registry accession. No invented DNA gene nodes.
node,LOCAL:protein:mouse:ATP6V1C1,HGNC:ATP6V1C1 -> LOCAL:protein:mouse:ATP6V1C1,Explicit molecule identity; not an official registry accession. No invented DNA gene nodes.
node,LOCAL:protein:mouse:ATP6AP1,HGNC:ATP6AP1 -> LOCAL:protein:mouse:ATP6AP1,Explicit molecule identity; not an official registry accession. No invented DNA gene nodes.
node,LOCAL:protein:mouse:CLCN7,HGNC:CLCN7 -> LOCAL:protein:mouse:CLCN7,Explicit molecule identity; not an official registry accession. No invented DNA gene nodes.
node,LOCAL:protein:mouse:OSTM1,HGNC:OSTM1 -> LOCAL:protein:mouse:OSTM1,Explicit molecule identity; not an official registry accession. No invented DNA gene nodes.
node,LOCAL:protein:mouse:CA2,HGNC:CA2 -> LOCAL:protein:mouse:CA2,Explicit molecule identity; not an official registry accession. No invented DNA gene nodes.
node,LOCAL:protein:mouse:ACP5,HGNC:ACP5 -> LOCAL:protein:mouse:ACP5,Explicit molecule identity; not an official registry accession. No invented DNA gene nodes.
node,LOCAL:protein:mouse:CTSK,HGNC:CTSK -> LOCAL:protein:mouse:CTSK,Explicit molecule identity; not an official registry accession. No invented DNA gene nodes.
node,LOCAL:protein:mouse:MMP9,HGNC:MMP9 -> LOCAL:protein:mouse:MMP9,Explicit molecule identity; not an official registry accession. No invented DNA gene nodes.
node,LOCAL:protein:mouse:CD47,HGNC:CD47 -> LOCAL:protein:mouse:CD47,Explicit molecule identity; not an official registry accession. No invented DNA gene nodes.
node,LOCAL:protein:mouse:CD9,HGNC:CD9 -> LOCAL:protein:mouse:CD9,Explicit molecule identity; not an official registry accession. No invented DNA gene nodes.
node,LOCAL:rna:mouse:mmu-miR-21a-5p,GENE:mmu-miR-21a-5p -> LOCAL:rna:mouse:mmu-miR-21a-5p,Explicit molecule identity; not an official registry accession. No invented DNA gene nodes.
node,LOCAL:rna:mouse:mmu-miR-148a-3p,GENE:mmu-miR-148a-3p -> LOCAL:rna:mouse:mmu-miR-148a-3p,Explicit molecule identity; not an official registry accession. No invented DNA gene nodes.
node,LOCAL:rna:mouse:mmu-miR-34a-5p,GENE:mmu-miR-34a-5p -> LOCAL:rna:mouse:mmu-miR-34a-5p,Explicit molecule identity; not an official registry accession. No invented DNA gene nodes.
node,LOCAL:rna:mouse:mmu-miR-124-3p,GENE:mmu-miR-124-3p -> LOCAL:rna:mouse:mmu-miR-124-3p,Explicit molecule identity; not an official registry accession. No invented DNA gene nodes.
node,LOCAL:rna:mouse:mmu-miR-146a-5p,GENE:mmu-miR-146a-5p -> LOCAL:rna:mouse:mmu-miR-146a-5p,Explicit molecule identity; not an official registry accession. No invented DNA gene nodes.
node,LOCAL:rna:mouse:Nfatc1,GENE:Nfatc1 -> LOCAL:rna:mouse:Nfatc1,Explicit molecule identity; not an official registry accession. No invented DNA gene nodes.
node,LOCAL:rna:mouse:Dcstamp,GENE:Dcstamp -> LOCAL:rna:mouse:Dcstamp,Explicit molecule identity; not an official registry accession. No invented DNA gene nodes.
node,LOCAL:rna:mouse:Acp5,GENE:Acp5 -> LOCAL:rna:mouse:Acp5,Explicit molecule identity; not an official registry accession. No invented DNA gene nodes.
node,LOCAL:rna:mouse:Ctsk,GENE:Ctsk -> LOCAL:rna:mouse:Ctsk,Explicit molecule identity; not an official registry accession. No invented DNA gene nodes.
node,LOCAL:rna:mouse:Pkm,GENE:Pkm -> LOCAL:rna:mouse:Pkm,Explicit molecule identity; not an official registry accession. No invented DNA gene nodes.
node,LOCAL:rna:mouse:Pfkfb3,GENE:Pfkfb3 -> LOCAL:rna:mouse:Pfkfb3,Explicit molecule identity; not an official registry accession. No invented DNA gene nodes.
node,LOCAL:protein:mouse:CSF1R,HGNC:CSF1R -> LOCAL:protein:mouse:CSF1R,Explicit molecule identity; not an official registry accession. No invented DNA gene nodes.
node,LOCAL:protein:mouse:SIRPB1,HGNC:SIRPB1 -> LOCAL:protein:mouse:SIRPB1,Explicit molecule identity; not an official registry accession. No invented DNA gene nodes.
node,LOCAL:protein:mouse:PIRA,HGNC:PIRA -> LOCAL:protein:mouse:PIRA,Explicit molecule identity; not an official registry accession. No invented DNA gene nodes.
node,LOCAL:protein:mouse:EPHB4,HGNC:EPHB4 -> LOCAL:protein:mouse:EPHB4,Explicit molecule identity; not an official registry accession. No invented DNA gene nodes.
node,LOCAL:protein:mouse:EFNB2,HGNC:EFNB2 -> LOCAL:protein:mouse:EFNB2,Explicit molecule identity; not an official registry accession. No invented DNA gene nodes.
node,LOCAL:protein:mouse:TNFRSF1A,HGNC:TNFRSF1A -> LOCAL:protein:mouse:TNFRSF1A,Explicit molecule identity; not an official registry accession. No invented DNA gene nodes.
node,LOCAL:protein:mouse:TNFRSF1B,HGNC:TNFRSF1B -> LOCAL:protein:mouse:TNFRSF1B,Explicit molecule identity; not an official registry accession. No invented DNA gene nodes.
node,LOCAL:protein:mouse:IL1R1,HGNC:IL1R1 -> LOCAL:protein:mouse:IL1R1,Explicit molecule identity; not an official registry accession. No invented DNA gene nodes.
node,LOCAL:protein:mouse:IL6R,HGNC:IL6R -> LOCAL:protein:mouse:IL6R,Explicit molecule identity; not an official registry accession. No invented DNA gene nodes.
node,LOCAL:protein:mouse:IL6ST,HGNC:IL6ST -> LOCAL:protein:mouse:IL6ST,Explicit molecule identity; not an official registry accession. No invented DNA gene nodes.
node,LOCAL:protein:mouse:TLR4,HGNC:TLR4 -> LOCAL:protein:mouse:TLR4,Explicit molecule identity; not an official registry accession. No invented DNA gene nodes.
node,LOCAL:protein:mouse:CD40,HGNC:CD40 -> LOCAL:protein:mouse:CD40,Explicit molecule identity; not an official registry accession. No invented DNA gene nodes.
node,LOCAL:protein:mouse:CSF1,HGNC:CSF1 -> LOCAL:protein:mouse:CSF1,Explicit molecule identity; not an official registry accession. No invented DNA gene nodes.
node,LOCAL:protein:mouse:TNF,HGNC:TNF -> LOCAL:protein:mouse:TNF,Explicit molecule identity; not an official registry accession. No invented DNA gene nodes.
node,LOCAL:protein:mouse:IL1B,HGNC:IL1B -> LOCAL:protein:mouse:IL1B,Explicit molecule identity; not an official registry accession. No invented DNA gene nodes.
node,LOCAL:protein:mouse:IL6,HGNC:IL6 -> LOCAL:protein:mouse:IL6,Explicit molecule identity; not an official registry accession. No invented DNA gene nodes.
node,LOCAL:protein:mouse:IL10,HGNC:IL10 -> LOCAL:protein:mouse:IL10,Explicit molecule identity; not an official registry accession. No invented DNA gene nodes.
node,LOCAL:protein:mouse:IL3,HGNC:IL3 -> LOCAL:protein:mouse:IL3,Explicit molecule identity; not an official registry accession. No invented DNA gene nodes.
node,LOCAL:protein:mouse:IL4,HGNC:IL4 -> LOCAL:protein:mouse:IL4,Explicit molecule identity; not an official registry accession. No invented DNA gene nodes.
node,LOCAL:protein:mouse:IL13,HGNC:IL13 -> LOCAL:protein:mouse:IL13,Explicit molecule identity; not an official registry accession. No invented DNA gene nodes.
node,LOCAL:protein:mouse:IL33,HGNC:IL33 -> LOCAL:protein:mouse:IL33,Explicit molecule identity; not an official registry accession. No invented DNA gene nodes.
node,LOCAL:protein:mouse:IL17A,HGNC:IL17A -> LOCAL:protein:mouse:IL17A,Explicit molecule identity; not an official registry accession. No invented DNA gene nodes.
node,LOCAL:protein:mouse:CCL2,HGNC:CCL2 -> LOCAL:protein:mouse:CCL2,Explicit molecule identity; not an official registry accession. No invented DNA gene nodes.
node,LOCAL:protein:mouse:CCL3,HGNC:CCL3 -> LOCAL:protein:mouse:CCL3,Explicit molecule identity; not an official registry accession. No invented DNA gene nodes.
node,LOCAL:protein:mouse:IFNG,HGNC:IFNG -> LOCAL:protein:mouse:IFNG,Explicit molecule identity; not an official registry accession. No invented DNA gene nodes.
node,LOCAL:protein:mouse:SOST,HGNC:SOST -> LOCAL:protein:mouse:SOST,Explicit molecule identity; not an official registry accession. No invented DNA gene nodes.
node,LOCAL:protein:mouse:CCN2,HGNC:CCN2 -> LOCAL:protein:mouse:CCN2,Explicit molecule identity; not an official registry accession. No invented DNA gene nodes.
node,LOCAL:protein:mouse:CCN1,HGNC:CCN1 -> LOCAL:protein:mouse:CCN1,Explicit molecule identity; not an official registry accession. No invented DNA gene nodes.
node,LOCAL:protein:mouse:CBL,HGNC:CBL -> LOCAL:protein:mouse:CBL,Explicit molecule identity; not an official registry accession. No invented DNA gene nodes.
node,LOCAL:protein:mouse:PIK3AP1,HGNC:PIK3AP1 -> LOCAL:protein:mouse:PIK3AP1,Explicit molecule identity; not an official registry accession. No invented DNA gene nodes.
node,LOCAL:protein:mouse:MAP3K5,HGNC:MAP3K5 -> LOCAL:protein:mouse:MAP3K5,Explicit molecule identity; not an official registry accession. No invented DNA gene nodes.
node,LOCAL:protein:mouse:RAF1,HGNC:RAF1 -> LOCAL:protein:mouse:RAF1,Explicit molecule identity; not an official registry accession. No invented DNA gene nodes.
node,LOCAL:protein:mouse:MAP2K1,HGNC:MAP2K1 -> LOCAL:protein:mouse:MAP2K1,Explicit molecule identity; not an official registry accession. No invented DNA gene nodes.
node,LOCAL:protein:mouse:MAP2K2,HGNC:MAP2K2 -> LOCAL:protein:mouse:MAP2K2,Explicit molecule identity; not an official registry accession. No invented DNA gene nodes.
node,LOCAL:protein:mouse:MAP2K3,HGNC:MAP2K3 -> LOCAL:protein:mouse:MAP2K3,Explicit molecule identity; not an official registry accession. No invented DNA gene nodes.
node,LOCAL:protein:mouse:MAP2K6,HGNC:MAP2K6 -> LOCAL:protein:mouse:MAP2K6,Explicit molecule identity; not an official registry accession. No invented DNA gene nodes.
node,LOCAL:protein:mouse:MAP2K4,HGNC:MAP2K4 -> LOCAL:protein:mouse:MAP2K4,Explicit molecule identity; not an official registry accession. No invented DNA gene nodes.
node,LOCAL:protein:mouse:MAP2K7,HGNC:MAP2K7 -> LOCAL:protein:mouse:MAP2K7,Explicit molecule identity; not an official registry accession. No invented DNA gene nodes.
node,LOCAL:protein:mouse:MAPK3,HGNC:MAPK3 -> LOCAL:protein:mouse:MAPK3,Explicit molecule identity; not an official registry accession. No invented DNA gene nodes.
node,LOCAL:protein:mouse:MAPK11,HGNC:MAPK11 -> LOCAL:protein:mouse:MAPK11,Explicit molecule identity; not an official registry accession. No invented DNA gene nodes.
node,LOCAL:protein:mouse:MAPK12,HGNC:MAPK12 -> LOCAL:protein:mouse:MAPK12,Explicit molecule identity; not an official registry accession. No invented DNA gene nodes.
node,LOCAL:protein:mouse:MAPK13,HGNC:MAPK13 -> LOCAL:protein:mouse:MAPK13,Explicit molecule identity; not an official registry accession. No invented DNA gene nodes.
node,LOCAL:protein:mouse:MAPK9,HGNC:MAPK9 -> LOCAL:protein:mouse:MAPK9,Explicit molecule identity; not an official registry accession. No invented DNA gene nodes.
node,LOCAL:protein:mouse:MAPK10,HGNC:MAPK10 -> LOCAL:protein:mouse:MAPK10,Explicit molecule identity; not an official registry accession. No invented DNA gene nodes.
node,LOCAL:protein:mouse:PIK3CA,HGNC:PIK3CA -> LOCAL:protein:mouse:PIK3CA,Explicit molecule identity; not an official registry accession. No invented DNA gene nodes.
node,LOCAL:protein:mouse:AKT1,HGNC:AKT1 -> LOCAL:protein:mouse:AKT1,Explicit molecule identity; not an official registry accession. No invented DNA gene nodes.
node,LOCAL:protein:mouse:GSK3B,HGNC:GSK3B -> LOCAL:protein:mouse:GSK3B,Explicit molecule identity; not an official registry accession. No invented DNA gene nodes.
node,LOCAL:protein:mouse:TEC,HGNC:TEC -> LOCAL:protein:mouse:TEC,Explicit molecule identity; not an official registry accession. No invented DNA gene nodes.
node,LOCAL:protein:mouse:DUSP1,HGNC:DUSP1 -> LOCAL:protein:mouse:DUSP1,Explicit molecule identity; not an official registry accession. No invented DNA gene nodes.
node,LOCAL:protein:mouse:DUSP6,HGNC:DUSP6 -> LOCAL:protein:mouse:DUSP6,Explicit molecule identity; not an official registry accession. No invented DNA gene nodes.
node,LOCAL:protein:mouse:PPM1D,HGNC:PPM1D -> LOCAL:protein:mouse:PPM1D,Explicit molecule identity; not an official registry accession. No invented DNA gene nodes.
node,LOCAL:protein:mouse:AMBN,HGNC:AMBN -> LOCAL:protein:mouse:AMBN,Explicit molecule identity; not an official registry accession. No invented DNA gene nodes.
node,LOCAL:protein:mouse:SREBF2,HGNC:SREBF2 -> LOCAL:protein:mouse:SREBF2,Explicit molecule identity; not an official registry accession. No invented DNA gene nodes.
node,LOCAL:protein:mouse:IRF7,HGNC:IRF7 -> LOCAL:protein:mouse:IRF7,Explicit molecule identity; not an official registry accession. No invented DNA gene nodes.
node,LOCAL:protein:mouse:DNMT3A,HGNC:DNMT3A -> LOCAL:protein:mouse:DNMT3A,Explicit molecule identity; not an official registry accession. No invented DNA gene nodes.
node,LOCAL:protein:mouse:DPY30,HGNC:DPY30 -> LOCAL:protein:mouse:DPY30,Explicit molecule identity; not an official registry accession. No invented DNA gene nodes.
node,LOCAL:protein:mouse:ASXL1,HGNC:ASXL1 -> LOCAL:protein:mouse:ASXL1,Explicit molecule identity; not an official registry accession. No invented DNA gene nodes.
node,LOCAL:protein:mouse:HDAC1,HGNC:HDAC1 -> LOCAL:protein:mouse:HDAC1,Explicit molecule identity; not an official registry accession. No invented DNA gene nodes.
node,LOCAL:protein:mouse:HDAC2,HGNC:HDAC2 -> LOCAL:protein:mouse:HDAC2,Explicit molecule identity; not an official registry accession. No invented DNA gene nodes.
node,LOCAL:protein:mouse:HDAC5,HGNC:HDAC5 -> LOCAL:protein:mouse:HDAC5,Explicit molecule identity; not an official registry accession. No invented DNA gene nodes.
node,LOCAL:protein:mouse:SIRT1,HGNC:SIRT1 -> LOCAL:protein:mouse:SIRT1,Explicit molecule identity; not an official registry accession. No invented DNA gene nodes.
node,LOCAL:protein:mouse:SIRT6,HGNC:SIRT6 -> LOCAL:protein:mouse:SIRT6,Explicit molecule identity; not an official registry accession. No invented DNA gene nodes.
node,LOCAL:rna:mouse:mmu-miR-19a-3p,GENE:mmu-miR-19a-3p -> LOCAL:rna:mouse:mmu-miR-19a-3p,Explicit molecule identity; not an official registry accession. No invented DNA gene nodes.
node,LOCAL:rna:mouse:lncRNA_AW011738,RNA:lncRNA_AW011738 -> LOCAL:rna:mouse:lncRNA_AW011738,Explicit molecule identity; not an official registry accession. No invented DNA gene nodes.
node,LOCAL:protein:mouse:CYLD,HGNC:CYLD -> LOCAL:protein:mouse:CYLD,Explicit molecule identity; not an official registry accession. No invented DNA gene nodes.
node,LOCAL:protein:mouse:TREM1,HGNC:TREM1 -> LOCAL:protein:mouse:TREM1,Explicit molecule identity; not an official registry accession. No invented DNA gene nodes.
node,LOCAL:protein:mouse:MMP2,HGNC:MMP2 -> LOCAL:protein:mouse:MMP2,Explicit molecule identity; not an official registry accession. No invented DNA gene nodes.
node,LOCAL:protein:mouse:MMP3,HGNC:MMP3 -> LOCAL:protein:mouse:MMP3,Explicit molecule identity; not an official registry accession. No invented DNA gene nodes.
node,LOCAL:protein:mouse:MMP8,HGNC:MMP8 -> LOCAL:protein:mouse:MMP8,Explicit molecule identity; not an official registry accession. No invented DNA gene nodes.
node,LOCAL:protein:mouse:MMP13,HGNC:MMP13 -> LOCAL:protein:mouse:MMP13,Explicit molecule identity; not an official registry accession. No invented DNA gene nodes.
node,LOCAL:protein:mouse:TIMP1,HGNC:TIMP1 -> LOCAL:protein:mouse:TIMP1,Explicit molecule identity; not an official registry accession. No invented DNA gene nodes.
node,LOCAL:protein:mouse:TIMP2,HGNC:TIMP2 -> LOCAL:protein:mouse:TIMP2,Explicit molecule identity; not an official registry accession. No invented DNA gene nodes.
node,LOCAL:protein:mouse:TIMP3,HGNC:TIMP3 -> LOCAL:protein:mouse:TIMP3,Explicit molecule identity; not an official registry accession. No invented DNA gene nodes.
node,LOCAL:protein:mouse:CST6,HGNC:CST6 -> LOCAL:protein:mouse:CST6,Explicit molecule identity; not an official registry accession. No invented DNA gene nodes.
node,LOCAL:protein:mouse:HIF1A,HGNC:HIF1A -> LOCAL:protein:mouse:HIF1A,Explicit molecule identity; not an official registry accession. No invented DNA gene nodes.
node,LOCAL:protein:mouse:MAP3K1,HGNC:MAP3K1 -> LOCAL:protein:mouse:MAP3K1,Explicit molecule identity; not an official registry accession. No invented DNA gene nodes.
node,LOCAL:protein:mouse:REL,HGNC:REL -> LOCAL:protein:mouse:REL,Explicit molecule identity; not an official registry accession. No invented DNA gene nodes.
node,LOCAL:protein:mouse:NFKBIA,HGNC:NFKBIA -> LOCAL:protein:mouse:NFKBIA,Explicit molecule identity; not an official registry accession. No invented DNA gene nodes.
node,LOCAL:protein:mouse:PPP3R1,HGNC:PPP3R1 -> LOCAL:protein:mouse:PPP3R1,Explicit molecule identity; not an official registry accession. No invented DNA gene nodes.
node,LOCAL:protein:mouse:PXN,HGNC:PXN -> LOCAL:protein:mouse:PXN,Explicit molecule identity; not an official registry accession. No invented DNA gene nodes.
node,LOCAL:protein:mouse:PTK2,HGNC:PTK2 -> LOCAL:protein:mouse:PTK2,Explicit molecule identity; not an official registry accession. No invented DNA gene nodes.
node,LOCAL:protein:mouse:TAB3,HGNC:TAB3 -> LOCAL:protein:mouse:TAB3,Explicit molecule identity; not an official registry accession. No invented DNA gene nodes.
node,LOCAL:protein:mouse:SQSTM1,HGNC:SQSTM1 -> LOCAL:protein:mouse:SQSTM1,Explicit molecule identity; not an official registry accession. No invented DNA gene nodes.
node,LOCAL:protein:mouse:UBE2N,HGNC:UBE2N -> LOCAL:protein:mouse:UBE2N,Explicit molecule identity; not an official registry accession. No invented DNA gene nodes.
experiment,exp:stegen_01,quarantined,"Wrong experiment citation: Figure 2b is bone volume; this paper uses NCT-503, not the asserted CBR-5884 assay. Original values preserved in archive."
experiment,exp:stegen_02,pending_passage_review,"Original assay/dose/effect fields are legacy assertions, not verified measurements. See source_records.csv for actual citation title."
experiment,exp:chu_01,pending_passage_review,"Original assay/dose/effect fields are legacy assertions, not verified measurements. See source_records.csv for actual citation title."
experiment,exp:chu_02,pending_passage_review,"Original assay/dose/effect fields are legacy assertions, not verified measurements. See source_records.csv for actual citation title."
experiment,exp:yagi_01,pending_passage_review,"Original assay/dose/effect fields are legacy assertions, not verified measurements. See source_records.csv for actual citation title."
experiment,exp:yagi_02,pending_passage_review,"Original assay/dose/effect fields are legacy assertions, not verified measurements. See source_records.csv for actual citation title."
experiment,exp:faccio_01,pending_passage_review,"Original assay/dose/effect fields are legacy assertions, not verified measurements. See source_records.csv for actual citation title."
experiment,exp:faccio_02,pending_passage_review,"Original assay/dose/effect fields are legacy assertions, not verified measurements. See source_records.csv for actual citation title."
experiment,exp:cheng_01,pending_passage_review,"Original assay/dose/effect fields are legacy assertions, not verified measurements. See source_records.csv for actual citation title."
experiment,exp:sugatani_01,quarantined,"Original assay/dose/effect fields are legacy assertions, not verified measurements. See source_records.csv for actual citation title."
experiment,exp:krzesz_01,quarantined,"Original assay/dose/effect fields are legacy assertions, not verified measurements. See source_records.csv for actual citation title."
experiment,exp:lee_01,quarantined,"Original assay/dose/effect fields are legacy assertions, not verified measurements. See source_records.csv for actual citation title."
experiment,exp:kim_01,quarantined,"Original assay/dose/effect fields are legacy assertions, not verified measurements. See source_records.csv for actual citation title."
experiment,exp:zou_01,quarantined,"Original assay/dose/effect fields are legacy assertions, not verified measurements. See source_records.csv for actual citation title."
experiment,exp:taub_01,quarantined,"Original assay/dose/effect fields are legacy assertions, not verified measurements. See source_records.csv for actual citation title."
experiment,exp:hu_01,pending_passage_review,"Original assay/dose/effect fields are legacy assertions, not verified measurements. See source_records.csv for actual citation title."
experiment,exp:rong_01,pending_passage_review,"Original assay/dose/effect fields are legacy assertions, not verified measurements. See source_records.csv for actual citation title."
experiment,exp:teitel_01,quarantined,"Original assay/dose/effect fields are legacy assertions, not verified measurements. See source_records.csv for actual citation title."
experiment,exp:zhao_irf8,quarantined,"Original assay/dose/effect fields are legacy assertions, not verified measurements. See source_records.csv for actual citation title."
experiment,exp:nishikawa_blimp1,quarantined,"Original assay/dose/effect fields are legacy assertions, not verified measurements. See source_records.csv for actual citation title."
experiment,exp:miyauchi_bcl6,quarantined,"Original assay/dose/effect fields are legacy assertions, not verified measurements. See source_records.csv for actual citation title."
experiment,exp:deepak_ift80,quarantined,"Original assay/dose/effect fields are legacy assertions, not verified measurements. See source_records.csv for actual citation title."
experiment,exp:wu_gna13,quarantined,"Original assay/dose/effect fields are legacy assertions, not verified measurements. See source_records.csv for actual citation title."
experiment,exp:yang_rgs10,quarantined,"Original assay/dose/effect fields are legacy assertions, not verified measurements. See source_records.csv for actual citation title."
experiment,exp:asagiri_ifnb,quarantined,"Original assay/dose/effect fields are legacy assertions, not verified measurements. See source_records.csv for actual citation title."
experiment,exp:barnea_snx10,quarantined,"Original assay/dose/effect fields are legacy assertions, not verified measurements. See source_records.csv for actual citation title."
experiment,exp:chen_selinexor,quarantined,"Original assay/dose/effect fields are legacy assertions, not verified measurements. See source_records.csv for actual citation title."
experiment,exp:anesi_za,quarantined,"Original assay/dose/effect fields are legacy assertions, not verified measurements. See source_records.csv for actual citation title."
experiment,exp:boyle_denosumab,quarantined,"Original assay/dose/effect fields are legacy assertions, not verified measurements. See source_records.csv for actual citation title."
experiment,exp:koga_dap12,quarantined,"Original assay/dose/effect fields are legacy assertions, not verified measurements. See source_records.csv for actual citation title."
experiment,exp:zhu_mmp9,quarantined,"Original assay/dose/effect fields are legacy assertions, not verified measurements. See source_records.csv for actual citation title."
experiment,exp:koga_04,quarantined,"Original assay/dose/effect fields are legacy assertions, not verified measurements. See source_records.csv for actual citation title."
experiment,exp:zhao_06,pending_passage_review,"Original assay/dose/effect fields are legacy assertions, not verified measurements. See source_records.csv for actual citation title."
experiment,exp:boyce_09,quarantined,"Original assay/dose/effect fields are legacy assertions, not verified measurements. See source_records.csv for actual citation title."
experiment,exp:boyce_15,quarantined,"Original assay/dose/effect fields are legacy assertions, not verified measurements. See source_records.csv for actual citation title."
experiment,exp:wada_06,quarantined,"Original assay/dose/effect fields are legacy assertions, not verified measurements. See source_records.csv for actual citation title."
experiment,exp:zhao_10,quarantined,"Original assay/dose/effect fields are legacy assertions, not verified measurements. See source_records.csv for actual citation title."
experiment,exp:yang_19,pending_passage_review,"Original assay/dose/effect fields are legacy assertions, not verified measurements. See source_records.csv for actual citation title."
experiment,exp:shin_14,quarantined,"Original assay/dose/effect fields are legacy assertions, not verified measurements. See source_records.csv for actual citation title."
experiment,exp:jin_14,pending_passage_review,"Original assay/dose/effect fields are legacy assertions, not verified measurements. See source_records.csv for actual citation title."
experiment,exp:nishikawa_15,quarantined,"Original assay/dose/effect fields are legacy assertions, not verified measurements. See source_records.csv for actual citation title."
experiment,exp:li_17,pending_passage_review,"Original assay/dose/effect fields are legacy assertions, not verified measurements. See source_records.csv for actual citation title."
experiment,exp:sun_18,pending_passage_review,"Original assay/dose/effect fields are legacy assertions, not verified measurements. See source_records.csv for actual citation title."
experiment,exp:bozec_10,pending_passage_review,"Original assay/dose/effect fields are legacy assertions, not verified measurements. See source_records.csv for actual citation title."
experiment,exp:teitelbaum_07,quarantined,"Original assay/dose/effect fields are legacy assertions, not verified measurements. See source_records.csv for actual citation title."
experiment,exp:mizoguchi_09,quarantined,"Original assay/dose/effect fields are legacy assertions, not verified measurements. See source_records.csv for actual citation title."
experiment,exp:takayanagi_02,quarantined,"Original assay/dose/effect fields are legacy assertions, not verified measurements. See source_records.csv for actual citation title."
experiment,exp:asagiri_05,quarantined,"Original assay/dose/effect fields are legacy assertions, not verified measurements. See source_records.csv for actual citation title."
edge,EDGE_STR_0346,context_id cleared: CTX_0001,Unresolved placeholder; no cell/stage context inferred.
evidence,EDGE_STR_0346,experiment_id cleared: EXP_0001,Unresolved placeholder; retained in legacy_experiment_id.
edge,EDGE_STR_0347,context_id cleared: CTX_0001,Unresolved placeholder; no cell/stage context inferred.
evidence,EDGE_STR_0347,experiment_id cleared: EXP_0001,Unresolved placeholder; retained in legacy_experiment_id.
edge,EDGE_STR_0348,context_id cleared: CTX_0001,Unresolved placeholder; no cell/stage context inferred.
evidence,EDGE_STR_0348,experiment_id cleared: EXP_0001,Unresolved placeholder; retained in legacy_experiment_id.
edge,EDGE_STR_0349,context_id cleared: CTX_0001,Unresolved placeholder; no cell/stage context inferred.
evidence,EDGE_STR_0349,experiment_id cleared: EXP_0001,Unresolved placeholder; retained in legacy_experiment_id.
edge,EDGE_STR_0350,context_id cleared: CTX_0001,Unresolved placeholder; no cell/stage context inferred.
evidence,EDGE_STR_0350,experiment_id cleared: EXP_0001,Unresolved placeholder; retained in legacy_experiment_id.
edge,EDGE_STR_0351,context_id cleared: CTX_0001,Unresolved placeholder; no cell/stage context inferred.
evidence,EDGE_STR_0351,experiment_id cleared: EXP_0001,Unresolved placeholder; retained in legacy_experiment_id.
edge,EDGE_STR_0352,context_id cleared: CTX_0001,Unresolved placeholder; no cell/stage context inferred.
evidence,EDGE_STR_0352,experiment_id cleared: EXP_0001,Unresolved placeholder; retained in legacy_experiment_id.
edge,EDGE_STR_0353,context_id cleared: CTX_0001,Unresolved placeholder; no cell/stage context inferred.
evidence,EDGE_STR_0353,experiment_id cleared: EXP_0001,Unresolved placeholder; retained in legacy_experiment_id.
edge,EDGE_STR_0354,context_id cleared: CTX_0001,Unresolved placeholder; no cell/stage context inferred.
evidence,EDGE_STR_0354,experiment_id cleared: EXP_0001,Unresolved placeholder; retained in legacy_experiment_id.
edge,EDGE_STR_0355,context_id cleared: CTX_0001,Unresolved placeholder; no cell/stage context inferred.
evidence,EDGE_STR_0355,experiment_id cleared: EXP_0001,Unresolved placeholder; retained in legacy_experiment_id.
edge,EDGE_STR_0356,context_id cleared: CTX_0001,Unresolved placeholder; no cell/stage context inferred.
evidence,EDGE_STR_0356,experiment_id cleared: EXP_0001,Unresolved placeholder; retained in legacy_experiment_id.
edge,EDGE_STR_0357,context_id cleared: CTX_0001,Unresolved placeholder; no cell/stage context inferred.
evidence,EDGE_STR_0357,experiment_id cleared: EXP_0001,Unresolved placeholder; retained in legacy_experiment_id.
edge,EDGE_STR_0358,context_id cleared: CTX_0001,Unresolved placeholder; no cell/stage context inferred.
evidence,EDGE_STR_0358,experiment_id cleared: EXP_0001,Unresolved placeholder; retained in legacy_experiment_id.
edge,EDGE_STR_0359,context_id cleared: CTX_0001,Unresolved placeholder; no cell/stage context inferred.
evidence,EDGE_STR_0359,experiment_id cleared: EXP_0001,Unresolved placeholder; retained in legacy_experiment_id.
edge,EDGE_STR_0360,context_id cleared: CTX_0001,Unresolved placeholder; no cell/stage context inferred.
evidence,EDGE_STR_0360,experiment_id cleared: EXP_0001,Unresolved placeholder; retained in legacy_experiment_id.
edge,EDGE_STR_0361,context_id cleared: CTX_0001,Unresolved placeholder; no cell/stage context inferred.
evidence,EDGE_STR_0361,experiment_id cleared: EXP_0001,Unresolved placeholder; retained in legacy_experiment_id.
edge,EDGE_STR_0362,context_id cleared: CTX_0001,Unresolved placeholder; no cell/stage context inferred.
evidence,EDGE_STR_0362,experiment_id cleared: EXP_0001,Unresolved placeholder; retained in legacy_experiment_id.
edge,EDGE_STR_0363,context_id cleared: CTX_0001,Unresolved placeholder; no cell/stage context inferred.
evidence,EDGE_STR_0363,experiment_id cleared: EXP_0001,Unresolved placeholder; retained in legacy_experiment_id.
edge,EDGE_STR_0364,context_id cleared: CTX_0001,Unresolved placeholder; no cell/stage context inferred.
evidence,EDGE_STR_0364,experiment_id cleared: EXP_0001,Unresolved placeholder; retained in legacy_experiment_id.
edge,EDGE_STR_0365,context_id cleared: CTX_0001,Unresolved placeholder; no cell/stage context inferred.
evidence,EDGE_STR_0365,experiment_id cleared: EXP_0001,Unresolved placeholder; retained in legacy_experiment_id.
evidence,edge:0034,Added source-checked qualitative paraphrase,Figure 3i; Extended Data Figure 4e
evidence,edge:0039,Added source-checked qualitative paraphrase,"Abstract; mechanistic claim, not an extracted quantitative assay"
evidence,edge:0047,Added source-checked qualitative paraphrase,Abstract; Results: ITA inhibits Tet2 to suppress osteoclast-associated genes
