context_id,species,cell_type,stage,compartment,disease_setting,note,verification_status
ctx:mouse_BMM_RANKL_day1,mouse,bone marrow macrophage,early_mononuclear_pre_osteoclast,whole_cell,RANKL_induced_osteoclastogenesis,Primary mouse BMMs treated with M-CSF (30 ng/mL) and RANKL (50 ng/mL) for 24h,legacy_context_pending_source_review
ctx:mouse_BMM_RANKL_day3,mouse,bone marrow macrophage,committed_mononuclear_TRAP_pos,whole_cell,RANKL_induced_osteoclastogenesis,Primary mouse BMMs treated with M-CSF and RANKL for 72h; TRAP+ mononuclear cells,legacy_context_pending_source_review
ctx:mouse_BMM_RANKL_day4,mouse,bone marrow macrophage,syncytium_prefusion_polykaryon,plasma_membrane,RANKL_induced_osteoclastogenesis,Primary mouse BMMs undergoing cell-cell membrane fusion and syncytium formation,legacy_context_pending_source_review
ctx:mouse_BMM_RANKL_day5,mouse,bone marrow macrophage,mature_multinucleated_osteoclast,resorption_lacuna,RANKL_induced_osteoclastogenesis,Fully mature resorbing osteoclasts on dentin/calcium phosphate with actin sealing zone,legacy_context_pending_source_review
ctx:mouse_RAW2647_RANKL_day2,mouse,RAW 264.7,early_mononuclear_pre_osteoclast,whole_cell,RANKL_induced_osteoclastogenesis,RAW 264.7 monocyte/macrophage cell line stimulated with RANKL (50-100 ng/mL) for 48h,legacy_context_pending_source_review
ctx:mouse_RAW2647_RANKL_day4,mouse,RAW 264.7,mature_multinucleated_osteoclast,whole_cell,RANKL_induced_osteoclastogenesis,RAW 264.7 forming TRAP+ multinucleated giant cells at 96h post-RANKL,legacy_context_pending_source_review
ctx:stegen2024_BMMC_day3,mouse,bone marrow mononuclear cell-derived osteoclast precursors,early_differentiation,whole_cell,RANKL_induced_osteoclastogenesis,PMC10822776 Methods Sec17: primary long-bone marrow cells; 10 ng/mL M-CSF pretreatment for 24 h; nonadherent cells then 20 ng/mL M-CSF and 100 ng/mL RANKL. Day 3 endpoint. Assistant source review; not independent laboratory validation.,reviewed
ctx:stegen2024_BMMC_day6,mouse,bone marrow mononuclear cell-derived osteoclast precursors,multinucleated_osteoclast_endpoint,whole_cell,RANKL_induced_osteoclastogenesis,PMC10822776 Methods Sec17: primary long-bone marrow cells; 10 ng/mL M-CSF pretreatment for 24 h; nonadherent cells then 20 ng/mL M-CSF and 100 ng/mL RANKL. Day 6 endpoint. Assistant source review; not independent laboratory validation.,reviewed
ctx:duong2001_murine_osteoclast_coculture,mouse,osteoclast-like cells or their mononuclear precursors,,,,Murine bone marrow/osteoblast co-culture stated in abstract; not automatically relabeled RAW264.7 or purified BMM.,pending_source_review
ctx:extracted:08659b90bc0fe464f45b1927,mouse,osteoclasts,,,,"Extracted context, not expert reviewed. Source: PMID:16914530",pending_source_review
ctx:extracted:ad9ec1774f1398ef739cf188,mouse,osteoclasts and their precursors,,,,"Extracted context, not expert reviewed. Source: PMID:18359770",pending_source_review
ctx:extracted:f54474652af8861543df3ec9,mouse,osteoclast,,,,"Extracted context, not expert reviewed. Source: PMID:18378693",pending_source_review
ctx:extracted:d828ff567525162a2430964a,mouse,osteoclast,,sealing actin ring,,"Extracted context, not expert reviewed. Source: PMID:18378693",pending_source_review
ctx:extracted:42d3d18bcbd0fee1b00d95ef,mouse,,,,bone loss,"Extracted context, not expert reviewed. Source: PMID:19171907",pending_source_review
ctx:extracted:4dde9e5089efeb7e63f50090,mouse,osteoclasts,,,EKO,"Extracted context, not expert reviewed. Source: PMID:19692574",pending_source_review
ctx:extracted:87100acf649804faedb7565c,mouse,RAW264.7 cells,,,,"Extracted context, not expert reviewed. Source: PMID:20439986",pending_source_review
ctx:extracted:8805c517388cc1e213faf24f,mouse,osteoclasts,,,,"Extracted context, not expert reviewed. Source: PMID:21765218",pending_source_review
ctx:extracted:1aad0ffb9d18a567e71f4ff4,mouse,RAW 264.7,osteoclasts,,,"Extracted context, not expert reviewed. Source: PMID:25461399",pending_source_review
ctx:extracted:09f20a08db02296ba4773fcc,mouse,OCs,,,,"Extracted context, not expert reviewed. Source: PMID:26094846",pending_source_review
ctx:extracted:eda233fdabfbf52eb8aea554,mouse,,,,ovariectomized,"Extracted context, not expert reviewed. Source: PMID:26629319",pending_source_review
ctx:extracted:76f2aceeee60a183ee46c375,mouse,osteoclast precursors,,,,"Extracted context, not expert reviewed. Source: PMID:29893999",pending_source_review
ctx:extracted:cd4e226c3922b7c4d95aaf57,mouse,osteoclasts,null,null,null,"Extracted context, not expert reviewed. Source: PMID:30622194",pending_source_review
ctx:extracted:e0cb912c92428f5336569824,mouse,,,,,"Extracted context, not expert reviewed. Source: PMID:30854478",pending_source_review
ctx:extracted:2ef7c431abe2f26310a2ba75,mouse,RAW 264.7 cell cultures,,,osteoporosis,"Extracted context, not expert reviewed. Source: PMID:30854478",pending_source_review
ctx:extracted:37ffc6311a3df383223f431e,mouse,osteoclast precursors,mature osteoclasts / osteoclastogenesis,,,"Extracted context, not expert reviewed. Source: PMID:31243813",pending_source_review
ctx:extracted:9eb258f1e9ca35ec6e0158ed,mouse,osteoclasts,,,,"Extracted context, not expert reviewed. Source: PMID:31887784",pending_source_review
ctx:extracted:87384aa1be762564043cd760,mouse,RAW264.7 cells,,,osteoporosis,"Extracted context, not expert reviewed. Source: PMID:31951177",pending_source_review
ctx:extracted:caf3480b9358029563c24a01,human,CD14+ monocytes,differentiation into osteoclasts,,,"Extracted context, not expert reviewed. Source: PMID:33273561",pending_source_review
ctx:extracted:ba8f84e640aa5640a1e7d339,human,CD14+ monocytes,differentiation into osteoclasts,,hypoxic conditions,"Extracted context, not expert reviewed. Source: PMID:33273561",pending_source_review
ctx:extracted:1093303f981b284d2f358d11,mouse,RAW 264.7,,,,"Extracted context, not expert reviewed. Source: PMID:34668226",pending_source_review
ctx:extracted:4591dea2ac70b84a46e0aabb,human,osteoclast precursor cells,,,,"Extracted context, not expert reviewed. Source: PMID:35077015",pending_source_review
ctx:extracted:d3b961d903dfe110ece8f1f4,mouse,osteoblasts/osteocytes,,,,"Extracted context, not expert reviewed. Source: PMID:35687365",pending_source_review
ctx:extracted:c3e3434830d4c2e02c699197,mouse,,,,,"Extracted context, not expert reviewed. Source: PMID:36331874",pending_source_review
ctx:extracted:f2e45066bb27f2b35823f64e,mouse,,,,osteoporosis,"Extracted context, not expert reviewed. Source: PMID:36446758",pending_source_review
ctx:extracted:eb26636fb4f0340d8c3aafe9,mouse,osteoclasts,,,disuse-induced osteoporosis,"Extracted context, not expert reviewed. Source: PMID:36563716",pending_source_review
ctx:extracted:22802284c11791e415f6a0d2,mouse,osteoclasts,,trabecular bone,disuse osteoporosis,"Extracted context, not expert reviewed. Source: PMID:36563716",pending_source_review
ctx:extracted:abe7f573c549b4ff701bb1ad,mouse,osteoclast lineage,,,,"Extracted context, not expert reviewed. Source: PMID:37020186",pending_source_review
ctx:extracted:99b7736d1f0075f293f51392,mouse,,,,MHV-3 infection,"Extracted context, not expert reviewed. Source: PMID:37142087",pending_source_review
ctx:extracted:680671a0057c60aaf7781f76,mouse,osteoclast-specific,,,ovariectomized model,"Extracted context, not expert reviewed. Source: PMID:37215988",pending_source_review
ctx:extracted:02e278a4d20320f8a8995888,mouse,osteoclast,,,bone loss,"Extracted context, not expert reviewed. Source: PMID:37871745",pending_source_review
ctx:extracted:511e9a44ab42636bc48a3755,mouse,osteoclast progenitors,,,,"Extracted context, not expert reviewed. Source: PMID:37917194",pending_source_review
ctx:extracted:a95c8f3799efaf6fb7603cb3,mouse,,,,peri-implantitis,"Extracted context, not expert reviewed. Source: PMID:38111083",pending_source_review
ctx:extracted:2e596d0bd771953fcf4fcc30,mouse,,,in vitro,periodontitis,"Extracted context, not expert reviewed. Source: PMID:38152410",pending_source_review
ctx:extracted:62633e2b27b4d278a1c92559,mouse,,,,,"Extracted context, not expert reviewed. Source: PMID:38252822",pending_source_review
ctx:extracted:7f0fd7d0125b9f425fa9286f,mouse,osteoclasts,,,osteolytic diseases,"Extracted context, not expert reviewed. Source: PMID:38311303",pending_source_review
ctx:extracted:59543b74489bbae01857ced1,mouse,,,periapical lesions,apical periodontitis,"Extracted context, not expert reviewed. Source: PMID:38441141",pending_source_review
ctx:extracted:d31b53191bf57fc3f6c0cd82,mouse,,,,ligature-induced periodontitis and ovariectomy models,"Extracted context, not expert reviewed. Source: PMID:38505527",pending_source_review
ctx:extracted:40ffc1b6bb1c125fa98c77b6,mouse,BMSCs,,marrow,,"Extracted context, not expert reviewed. Source: PMID:38655781",pending_source_review
ctx:extracted:15dc58bcdf12db54c5ff27ec,mouse,,,,rheumatoid arthritis,"Extracted context, not expert reviewed. Source: PMID:39744622",pending_source_review
ctx:extracted:5b22dea0c44b2467f6fc4fe9,mouse,MALPs,adult,bone,,"Extracted context, not expert reviewed. Source: PMID:40102423",pending_source_review
ctx:extracted:f95cc4ffc38d68b7c5ce3236,rat,,,,,"Extracted context, not expert reviewed. Source: PMID:40355125",pending_source_review
ctx:extracted:db638c86ca4b63cca16dd4b5,mouse,,,,,"Extracted context, not expert reviewed. Source: PMID:40585986",pending_source_review
ctx:extracted:d19a0219b5869aae68e08201,mouse,,,,Bmi1 deficiency,"Extracted context, not expert reviewed. Source: PMID:40698069",pending_source_review
ctx:extracted:10bb75c694e570e81457bc10,mouse,osteocyte,,,fracture,"Extracted context, not expert reviewed. Source: PMID:40860346",pending_source_review
ctx:extracted:75e73cf1ab4053803b7b7e1c,rat,RAW264.7 macrophage-derived osteoclast precursor cells,,,PMOP,"Extracted context, not expert reviewed. Source: PMID:40919497",pending_source_review
ctx:extracted:bbed062a5128c46cee92067e,mouse,bone marrow-derived macrophages (BMMs),,,,"Extracted context, not expert reviewed. Source: PMID:41457534",pending_source_review
ctx:extracted:389655143fac135ad047af95,mouse,RAW264.7 cell,,,,"Extracted context, not expert reviewed. Source: PMID:41814829",pending_source_review
ctx:extracted:9afa051a0dc227a6d3656c04,mouse,osteoblasts,,,,"Extracted context, not expert reviewed. Source: PMID:42454799",pending_source_review
ctx:extracted:b73ccac9c7e3a167024b1dd1,mouse,pre-osteoblasts / BM cells,osteogenesis,bone marrow,,"Extracted context, not expert reviewed. Source: PMID:42458258",pending_source_review
ctx:extracted:4e6b6949351cabc5ceb05a38,rat,RAW264.7 cells,,,postmenopausal osteoporosis,"Extracted context, not expert reviewed. Source: PMID:42544556",pending_source_review
ctx:extracted:16b62c33db2bd591b2a3ee51,mouse,osteoclast lineage cells,postnatal,bone,,"Extracted context, not expert reviewed. Source: PMID:42565472",pending_source_review
ctx:extracted:1705a6f4449bdeec828a8d24,mouse,bone marrow-derived macrophages,,,osteoclast differentiation induced by M-CSF and RANKL,"Extracted context, not expert reviewed. Source: PMID:42611774",pending_source_review
ctx:extracted:8c24bf6ed4c183a7937dd4a5,mouse,primary bone marrow-derived macrophages (BMMs),,,osteoporosis,"Extracted context, not expert reviewed. Source: PMID:42705403",pending_source_review
ctx:extracted:11f6bb4acd960035ea6a897a,mouse,osteoblast,,,prostate cancer bone metastasis,"Extracted context, not expert reviewed. Source: PMID:42728346",pending_source_review
ctx:extracted:1f91e2fa967620f4a96a81d7,mouse,,,,prostate cancer bone metastasis,"Extracted context, not expert reviewed. Source: PMID:42728346",pending_source_review
ctx:extracted:044a8d3c8e77b94bf2110c5d,mouse,osteoclasts,,,prostate cancer bone metastasis,"Extracted context, not expert reviewed. Source: PMID:42728346",pending_source_review
ctx:extracted:506961f335a8f87d18123667,mouse,osteoblast,,bone,,"Extracted context, not expert reviewed. Source: PMID:16627750",pending_source_review
ctx:extracted:b7a19d922b35b44ebe2c46f3,mouse,,,,,"Extracted context, not expert reviewed. Source: PMID:19171907",pending_source_review
ctx:extracted:ef4c2b6e121d186bfc09f39f,mouse,osteoclastic cells,,lipid rafts,,"Extracted context, not expert reviewed. Source: PMID:20225239",pending_source_review
ctx:extracted:9a7a2b506595829ca41545a4,mouse,osteoclast-like cells (OCLs),,,,"Extracted context, not expert reviewed. Source: PMID:25381250",pending_source_review
ctx:extracted:831b0fad85ac2e46015c1c00,mouse,osteoclasts,,,,"Extracted context, not expert reviewed. Source: PMID:29158294",pending_source_review
ctx:extracted:c2115ec99cf068d897e55591,mouse,fibroblast (SYF) cell line,,,,"Extracted context, not expert reviewed. Source: PMID:29158294",pending_source_review
ctx:extracted:610a9d71e729f69bae63f51a,mouse,osteoclast precursors,,nucleus,,"Extracted context, not expert reviewed. Source: PMID:29893999",pending_source_review
ctx:extracted:a8863dee624680f8f9226206,human,mononuclear phagocyte precursors,,,,"Extracted context, not expert reviewed. Source: PMID:30692521",pending_source_review
ctx:extracted:bf661ebed117eda327404c71,mouse,osteoclasts,,,,"Extracted context, not expert reviewed. Source: PMID:31400545",pending_source_review
ctx:extracted:cf02eae53781d0df77dbe788,mouse,,,,ovariectomy-induced bone loss,"Extracted context, not expert reviewed. Source: PMID:33125772",pending_source_review
ctx:extracted:989df1ef959bc01cc62e3599,mouse,,,,,"Extracted context, not expert reviewed. Source: PMID:33536903",pending_source_review
ctx:extracted:df2b307be2c897ff502eec8f,mouse,bone marrow-derived macrophages,,,,"Extracted context, not expert reviewed. Source: PMID:33777947",pending_source_review
ctx:extracted:63d35c4bfec30bb3de296345,mouse,,,,,"Extracted context, not expert reviewed. Source: PMID:33777947",pending_source_review
ctx:extracted:c9223ee740336174cc2706b6,mouse,,,,,"Extracted context, not expert reviewed. Source: PMID:34404802",pending_source_review
ctx:extracted:e09a621771df11e87ef51c52,mouse,RANKL-primed BMMs,,,,"Extracted context, not expert reviewed. Source: PMID:34436220",pending_source_review
ctx:extracted:794c2d2de02e65f512135cf1,mouse,bone marrow cells/precursors,,,vitro,"Extracted context, not expert reviewed. Source: PMID:35255774",pending_source_review
ctx:extracted:81f8a71519b29a77dce3f180,mouse,,,,periodontitis,"Extracted context, not expert reviewed. Source: PMID:35983582",pending_source_review
ctx:extracted:38fc05b27c0e393da272e89e,mouse,osteoclasts,differentiation,,,"Extracted context, not expert reviewed. Source: PMID:37917194",pending_source_review
ctx:extracted:55d776348091e517fe5b6527,human,,,,peri-implantitis,"Extracted context, not expert reviewed. Source: PMID:38111083",pending_source_review
ctx:extracted:80e443d105b4d1ff27d0eb92,mouse,,,,simulated microgravity,"Extracted context, not expert reviewed. Source: PMID:38203808",pending_source_review
ctx:extracted:37ed50e8fb828f62fd45148d,mouse,osteoclasts,,,,"Extracted context, not expert reviewed. Source: PMID:38311303",pending_source_review
ctx:extracted:69535157a3c3b54d5e6111fb,mouse,,,,ovariectomy-induced bone loss,"Extracted context, not expert reviewed. Source: PMID:38346941",pending_source_review
ctx:extracted:27e8cb276f0cab01fa4d7612,mouse,,,,,"Extracted context, not expert reviewed. Source: PMID:38402724",pending_source_review
ctx:extracted:bc4830992b79b5e7f0ff378c,mouse,RAW264.7 cells,,,,"Extracted context, not expert reviewed. Source: PMID:38749090",pending_source_review
ctx:extracted:cca6ebbbe68daec04bcc09a3,mouse,,,,periodontitis,"Extracted context, not expert reviewed. Source: PMID:38889511",pending_source_review
ctx:extracted:6b3a85b1b29f49fe7d96e334,mouse,osteoclastic,,,,"Extracted context, not expert reviewed. Source: PMID:38959733",pending_source_review
ctx:extracted:b36a2c21b1517650b208129a,mouse,BC cells,,,breast cancer,"Extracted context, not expert reviewed. Source: PMID:39695463",pending_source_review
ctx:extracted:4abbf30173a3ced47c45807a,mouse,mesenchymal stem cells,,,bone loss / osteoporosis,"Extracted context, not expert reviewed. Source: PMID:39895866",pending_source_review
ctx:extracted:eab1fc16891068d4d94c8be3,mouse,,,,,"Extracted context, not expert reviewed. Source: PMID:40081616",pending_source_review
ctx:extracted:68581d6a79b5556a7ff03e7b,mouse,,,,bone loss,"Extracted context, not expert reviewed. Source: PMID:40267773",pending_source_review
ctx:extracted:6a47d9bc925074e570f3fd62,mouse,osteoclast precursors,,,,"Extracted context, not expert reviewed. Source: PMID:40267773",pending_source_review
ctx:extracted:b3b4051438cc73358e4d65f4,mouse,osteoclasts,,,,"Extracted context, not expert reviewed. Source: PMID:40408943",pending_source_review
ctx:extracted:fb99d51345d010a8dbebb95c,mouse,RAW264.7,,,osteoporosis,"Extracted context, not expert reviewed. Source: PMID:40602229",pending_source_review
ctx:extracted:104c81a0fdec48a85f7a72e4,mouse,RAW 264.7,,,,"Extracted context, not expert reviewed. Source: PMID:40652104",pending_source_review
ctx:extracted:2f53501a097fc9709395bc13,mouse,,,,,"Extracted context, not expert reviewed. Source: PMID:41448005",pending_source_review
ctx:extracted:27ce67d9d594e0e7f64467b3,mouse,,"aged, ovariectomized, and iron-overloaded",,osteoporosis,"Extracted context, not expert reviewed. Source: PMID:41639517",pending_source_review
ctx:extracted:63c6c5d660c2f28f48585b3e,mouse,osteoclast precursors (OCPs),,in vitro,,"Extracted context, not expert reviewed. Source: PMID:41927522",pending_source_review
ctx:extracted:bac88d7cc329080c9b54c42e,rat,,,femur tissues,ovariectomized (OVX) rats / osteoporosis,"Extracted context, not expert reviewed. Source: PMID:42055104",pending_source_review
ctx:extracted:f9215bb48d14a22ac93b8054,mouse,BMMs,,,periodontitis,"Extracted context, not expert reviewed. Source: PMID:42148137",pending_source_review
ctx:extracted:8525e7a99d508ddb893b3f9e,rat,,,,ovariectomized / osteoporosis,"Extracted context, not expert reviewed. Source: PMID:42228211",pending_source_review
ctx:extracted:5eccc6a2ce7108b7c6dbd2dd,mouse,RAW264.7 macrophage cells,,,,"Extracted context, not expert reviewed. Source: PMID:42396666",pending_source_review
ctx:extracted:52e3ab66bdd3b36271d0bc35,mouse,RAW264.7 macrophages,,,,"Extracted context, not expert reviewed. Source: PMID:42396666",pending_source_review
ctx:extracted:ac528e9dc21a9ea15d112973,mouse,,,bone,,"Extracted context, not expert reviewed. Source: PMID:42458258",pending_source_review
ctx:extracted:1f2c524b768d068d70df1525,mouse,,,,,"Extracted context, not expert reviewed. Source: PMID:42611774",pending_source_review
ctx:extracted:001fad6d47ecbf7e692e9c20,mouse,RAW264.7 cells,,,,"Extracted context, not expert reviewed. Source: PMID:42695337",pending_source_review
ctx:extracted:b0cd8b7aed75e2db0248504d,mouse,osteoclast lineage,,,TMJ-OA,"Extracted context, not expert reviewed. Source: PMID:42703627",pending_source_review
ctx:extracted:114dc489c939ab5862ea8932,mouse,,osteoclastogenesis,,,"Extracted context, not expert reviewed. Source: PMID:42717193",pending_source_review
ctx:extracted:f9509c33f8eb6ae6c084f4b8,mouse,osteoclasts,,bone slices / in vivo,,"Extracted context, not expert reviewed. Source: PMID:14726392",pending_source_review
ctx:extracted:796aa7c8a315adaf0c5fa4f0,mouse,RAW264.7 and bone marrow-derived macrophage cells,osteoclast differentiation,,,"Extracted context, not expert reviewed. Source: PMID:17982276",pending_source_review
ctx:extracted:6ac7d5cb4addf8a96239f376,human,,,lipid rafts,,"Extracted context, not expert reviewed. Source: PMID:30692521",pending_source_review
ctx:extracted:085fc795719358adc34ad84c,mouse,Mc3t3-E1 and Raw264.7,,,,"Extracted context, not expert reviewed. Source: PMID:34416393",pending_source_review
ctx:extracted:46f836ce88e4f4ff08c61bf0,mouse,bone marrow cells/precursors,,,,"Extracted context, not expert reviewed. Source: PMID:35255774",pending_source_review
ctx:extracted:959a9cbdc45062a5e0770da4,mouse,,,,periodontitis,"Extracted context, not expert reviewed. Source: PMID:35817437",pending_source_review
ctx:extracted:0f6b4eb8ba34116efc9b1932,rat,osteoclasts,,,T1D-OP,"Extracted context, not expert reviewed. Source: PMID:37121966",pending_source_review
ctx:extracted:665e904e84b952cc49db7650,mouse,bone marrow-derived macrophages,osteoclast progenitors,,,"Extracted context, not expert reviewed. Source: PMID:37152948",pending_source_review
ctx:extracted:262bebe5170c6472c970c783,mouse,osteoprogenitors,,,hyperthyroidism,"Extracted context, not expert reviewed. Source: PMID:38719881",pending_source_review
ctx:extracted:8fc518e83b393894e050d740,mouse,,,,periodontitis,"Extracted context, not expert reviewed. Source: PMID:39800085",pending_source_review
ctx:extracted:350f77e678d4d707efe331cc,mouse,bone marrow-derived macrophages (BMMs),,,osseous echinococcosis,"Extracted context, not expert reviewed. Source: PMID:40177487",pending_source_review
ctx:extracted:bce775c129c55fdadf049e34,mouse,,,alveolar bone,periodontitis,"Extracted context, not expert reviewed. Source: PMID:40312852",pending_source_review
ctx:extracted:beba9183d900a88219d3cd73,mouse,,,,,"Extracted context, not expert reviewed. Source: PMID:40962326",pending_source_review
ctx:extracted:d216cf73ba893f6a4aec45bc,mouse,bone marrow-derived macrophages (BMMs),,,,"Extracted context, not expert reviewed. Source: PMID:40971787",pending_source_review
ctx:extracted:5ff5b74ee124b9c82d56fa08,mouse,,,,,"Extracted context, not expert reviewed. Source: PMID:40971787",pending_source_review
ctx:extracted:5f8c74105bdd490454f24ad8,mouse,,,,ovariectomy model,"Extracted context, not expert reviewed. Source: PMID:41175189",pending_source_review
ctx:extracted:f6b1d6870612c8b6e47d92e2,mouse,,,,,"Extracted context, not expert reviewed. Source: PMID:41639517",pending_source_review
ctx:extracted:22994f583a42837d732e3450,mouse,,,,periodontitis,"Extracted context, not expert reviewed. Source: PMID:41927522",pending_source_review
ctx:extracted:19e78751368946825a00daf6,mouse,,,,OVX-induced bone loss,"Extracted context, not expert reviewed. Source: PMID:42258131",pending_source_review
ctx:extracted:eddd26e50b74139a81d65a85,mouse,RAW264.7 macrophages,during osteoclast differentiation,,,"Extracted context, not expert reviewed. Source: PMID:42737778",pending_source_review
