edge_id,experiment_id,quote_or_location,evidence_kind,polarity,curator_status,reviewed_at
edge:0001,exp:kim_01,RANKL binds RANK to recruit TRAF6 triggering downstream signaling in BMMs.,perturbation,support,reviewed,2026-09-28
edge:0002,exp:kim_01,TRAF6 recruitment to cytoplasmic tail of RANK is indispensable for osteoclastogenesis.,perturbation,support,reviewed,2026-09-28
edge:0004,exp:kim_01,IKK complex activation phosphorylates IkB leading to p50/p65 NF-kB nuclear entry.,measurement,support,reviewed,2026-09-28
edge:0008,exp:kim_01,c-Fos cooperation with NFATc1 drives high-level auto-amplification of NFATc1 in BMMs.,perturbation,support,reviewed,2026-09-28
edge:0014,exp:kim_01,PLCgamma2 activation downstream of ITAM phosphorylation triggers sustained intracellular Ca2+ oscillations.,measurement,support,reviewed,2026-09-28
edge:0015,exp:kim_01,Calcineurin phosphatase dephosphorylates NFATc1 leading to nuclear import and auto-induction.,perturbation,support,reviewed,2026-09-28
edge:0016,exp:kim_01,Tacrolimus (FK506) potently suppresses Calcineurin activity and prevents osteoclast formation.,perturbation,support,reviewed,2026-09-28
edge:0017,exp:taub_01,RANKL-induced NFATc1 directly promotes the transcription of key glycolytic enzymes including HK2.,measurement,support,reviewed,2026-09-28
edge:0018,exp:taub_01,Inhibition of hexokinase with 2-Deoxy-D-glucose (2-DG) curtails osteoclast multinucleation.,perturbation,support,reviewed,2026-09-28
edge:0021,exp:taub_01,PFKFB3 produces fructose-2,6-bisphosphate allosterically activating PFKM and accelerating glycolytic flux.,measurement,support,reviewed,2026-09-28
edge:0022,exp:taub_01,Small-molecule PFKFB3 inhibition with PFK-15 blunts the metabolic switch in RAW 264.7 cells.,perturbation,support,reviewed,2026-09-28
edge:0030,exp:taub_01,Shikonin-mediated inhibition of PKM2 decreases lactate production and hampers osteoclast formation.,perturbation,support,reviewed,2026-09-28
edge:0032,exp:taub_01,Lactate generation maintains NAD+ regeneration necessary to sustain prolonged osteoclast survival.,measurement,support,reviewed,2026-09-28
edge:0033,exp:stegen_01,Pharmacological inhibition of PHGDH with CBR-5884 significantly suppressed osteoclast formation in vitro.,perturbation,support,reviewed,2026-09-28
edge:0034,exp:stegen_01,Coupled transamination by PSAT1 utilizing PHGDH-derived phosphohydroxypyruvate fuels net alpha-KG production.,measurement,support,reviewed,2026-09-28
edge:0035,exp:stegen_02,Intracellular alpha-KG serves as an indispensable co-substrate for 2-oxoglutarate-dependent histone demethylases.,rescue,support,reviewed,2026-09-28
edge:0036,exp:stegen_02,KDM6B demethylates repressive H3K27me3 marks at the Nfatc1 promoter allowing transcription.,measurement,support,reviewed,2026-09-28
edge:0038,exp:chu_01,Treatment with PRMT6 inhibitor EPZ020411 dose-dependently reduced TRAP+ MNC numbers.,perturbation,support,reviewed,2026-09-28
edge:0039,exp:chu_02,PRMT6 directly catalyzes asymmetric dimethylation of H3R2 at the promoters of fatty acid oxidation genes.,measurement,support,reviewed,2026-09-28
edge:0040,exp:chu_02,Enriched H3R2me2a marks recruit transcriptional repressors leading to downregulation of Ppard and Cpt1a.,perturbation,support,reviewed,2026-09-28
edge:0041,exp:chu_01,Re-expression of PPARd restored FAO and blunted osteoclast differentiation.,rescue,support,reviewed,2026-09-28
edge:0042,exp:hu_01,CB-839 markedly curtailed osteoclast differentiation and resorption pit depth in BMMs.,perturbation,support,reviewed,2026-09-28
edge:0045,exp:hu_01,Glutaminolysis maintains nucleotide pools and TCA intermediates required for osteoclast maturation.,perturbation,support,reviewed,2026-09-28
edge:0046,exp:rong_01,Exogenous 4-OI treatment in BMM cultures suppressed TRAP-positive multinucleated cell formation.,perturbation,support,reviewed,2026-09-28
edge:0047,exp:rong_01,Itaconate directly blocks the catalytic activity of TET2 dioxygenase.,measurement,support,reviewed,2026-09-28
edge:0048,exp:rong_01,TET2 mediates 5hmC deposition at pro-osteoclastogenic enhancer elements.,measurement,support,reviewed,2026-09-28
edge:0049,exp:rong_01,TET2 knockdown severely compromises terminal osteoclast differentiation.,perturbation,support,reviewed,2026-09-28
edge:0050,exp:faccio_01,alpha_v_beta_3 integrin engagement induces c-Src activation at the podosome belt.,measurement,support,reviewed,2026-09-28
edge:0052,exp:zou_01,c-Src phosphorylates Pyk2 at focal adhesions to drive cytoskeletal remodeling in BMMs.,measurement,support,reviewed,2026-09-28
edge:0053,exp:faccio_01,Vav3 is phosphorylated by Src and serves as a critical exchange factor for Rac1.,measurement,support,reviewed,2026-09-28
edge:0054,exp:faccio_02,Vav3-dependent GTP-Rac1 loading is necessary for F-actin reorganization into sealing zone.,measurement,support,reviewed,2026-09-28
edge:0058,exp:faccio_01,Cortactin interacts with WASP to orchestrate podosome belt assembly.,measurement,support,reviewed,2026-09-28
edge:0059,exp:faccio_01,Condensation of individual podosomes forms the continuous circumferential F-actin sealing zone.,measurement,support,reviewed,2026-09-28
edge:0060,exp:zou_01,The F-actin sealing zone is required to seal the sub-osteoclastic resorption compartment on bone.,perturbation,support,reviewed,2026-09-28
edge:0061,exp:zou_01,Dasatinib directly inhibits c-Src kinase activity preventing sealing zone formation and bone pit excavation.,perturbation,support,reviewed,2026-09-28
edge:0062,exp:yagi_01,NFATc1 transactivates Dcstamp expression during late pre-osteoclast differentiation.,measurement,support,reviewed,2026-09-28
edge:0066,exp:yagi_01,DC-STAMP protein localized at plasma membrane is required for pre-osteoclast cell-cell fusion into syncytium.,perturbation,support,reviewed,2026-09-28
edge:0067,exp:yagi_01,OC-STAMP collaborates with DC-STAMP to promote multinucleated polykaryon formation.,perturbation,support,reviewed,2026-09-28
edge:0068,exp:yagi_01,Atp6v0d2 deficiency mimics Dcstamp knockout by completely blocking membrane fusion.,perturbation,support,reviewed,2026-09-28
edge:0070,exp:teitel_01,NFATc1 strongly induces Acp5 (TRAP) and Ctsk gene transcription in multinucleated osteoclasts.,measurement,support,reviewed,2026-09-28
edge:0074,exp:teitel_01,TRAP is packaged into transcytotic vesicles and exocytosed into the acidified resorption lacuna.,measurement,support,reviewed,2026-09-28
edge:0075,exp:teitel_01,Cathepsin K degrades Type I collagen in the demineralized bone matrix beneath the ruffled border.,measurement,support,reviewed,2026-09-28
edge:0076,exp:teitel_01,TCIRG1 (a3 subunit of V-ATPase) pumps protons into the lacuna establishing pH 4.5 required for mineral dissolution.,perturbation,support,reviewed,2026-09-28
edge:0077,exp:teitel_01,CLC-7 chloride channel provides charge balance for sustained proton secretion by V-ATPase.,measurement,support,reviewed,2026-09-28
edge:0080,exp:sugatani_01,c-Fos directly binds the promoter of miR-21 inducing its expression in RANKL-stimulated BMMs.,measurement,support,reviewed,2026-09-28
edge:0081,exp:sugatani_01,miR-21 targets Pdcd4 for degradation relieving repression on osteoclast differentiation.,perturbation,support,reviewed,2026-09-28
edge:0083,exp:cheng_01,miR-148a is upregulated by RANKL and binds the 3-UTR of MafB repressing its inhibitory function.,perturbation,support,reviewed,2026-09-28
edge:0085,exp:krzesz_01,miR-34a binds Tgif2 mRNA repressing its pro-resorptive activity in mature osteoclasts.,perturbation,support,reviewed,2026-09-28
edge:0087,exp:lee_01,miR-124 overexpression suppresses NFATc1 translation and blocks osteoclastogenesis.,perturbation,support,reviewed,2026-09-28
edge:0089,exp:kim_01,M-CSF and RANKL commitment drives monocyte progression to early mononuclear pre-osteoclasts.,measurement,support,reviewed,2026-09-28
edge:0090,exp:yagi_01,RANKL-induced gene expression commits pre-osteoclasts to mononuclear TRAP+ cells.,measurement,support,reviewed,2026-09-28
edge:0091,exp:yagi_01,Mononuclear TRAP+ osteoclasts fuse via DC-STAMP to form multinucleated syncytia.,measurement,support,reviewed,2026-09-28
edge:0092,exp:teitel_01,Multinucleated polykaryons polarize on mineralized substrate forming sealing zones and ruffled borders.,measurement,support,reviewed,2026-09-28
edge:0093,exp:teitel_01,Polarized mature osteoclasts excavate bone resorption pits on mineralized bone surfaces.,measurement,support,reviewed,2026-09-28
edge:0095,exp:boyle_denosumab,Osteoprotegerin (OPG) binds soluble and membrane RANKL as a natural decoy receptor, preventing RANK activation.,perturbation,support,reviewed,2026-09-28
edge:0096,exp:boyle_denosumab,Denosumab monoclonal antibody neutralizes RANKL, preventing osteoclast precursor engagement.,perturbation,support,reviewed,2026-09-28
edge:0097,exp:deepak_ift80,IFT80 bridges TRAF6 to Cbl-b, facilitating K48-linked polyubiquitination and degradation of TRAF6.,measurement,support,reviewed,2026-09-28
edge:0098,exp:deepak_ift80,Cbl-b E3 ubiquitin ligase mediates proteasomal degradation of TRAF6, limiting osteoclastogenesis.,perturbation,support,reviewed,2026-09-28
edge:0099,exp:nishikawa_blimp1,NFATc1 and c-Fos induce Blimp1 (Prdm1) transcription in early pre-osteoclasts.,measurement,support,reviewed,2026-09-28
edge:0100,exp:nishikawa_blimp1,Blimp1 directly binds the promoter of IRF8 repressing its transcription and lifting the osteoclastogenic block.,perturbation,support,reviewed,2026-09-28
edge:0101,exp:zhao_irf8,IRF8 acts as a master transcriptional repressor by binding the NFATc1 promoter and competing with NF-kB and c-Fos.,perturbation,support,reviewed,2026-09-28
edge:0102,exp:nishikawa_blimp1,Blimp1 binds the Bcl6 promoter repressing transcription of Bcl6 during osteoclastogenesis.,measurement,support,reviewed,2026-09-28
edge:0103,exp:miyauchi_bcl6,Bcl6 directly represses NFATc1 transcription to restrain osteoclast differentiation.,perturbation,support,reviewed,2026-09-28
edge:0104,exp:miyauchi_bcl6,Bcl6 suppresses DC-STAMP expression, limiting cell-cell membrane fusion.,perturbation,support,reviewed,2026-09-28
edge:0105,exp:miyauchi_bcl6,Bcl6 suppresses Cathepsin K expression, reducing bone resorptive activity.,perturbation,support,reviewed,2026-09-28
edge:0106,exp:wu_gna13,Galpha13 negatively regulates osteoclast differentiation by suppressing the Akt-GSK3b-NFATc1 cascade.,perturbation,support,reviewed,2026-09-28
edge:0107,exp:yang_rgs10,RGS10A interacts with Ca2+/CaM to facilitate cyclic PLCgamma activation and Ca2+ oscillations.,measurement,support,reviewed,2026-09-28
edge:0108,exp:yang_rgs10,RGS12 acts as an essential signaling hub upstream of p38 MAPK and N-type calcium channels.,measurement,support,reviewed,2026-09-28
edge:0109,exp:koga_dap12,OSCAR binds exposed bone collagen fibers and signals through FcR-gamma ITAM phosphorylation.,measurement,support,reviewed,2026-09-28
edge:0110,exp:koga_dap12,TREM2 initiates ITAM phosphorylation and downstream signaling through association with DAP12.,measurement,support,reviewed,2026-09-28
edge:0111,exp:koga_dap12,Phosphorylated ITAMs recruit Syk which phosphorylates the BLNK adaptor complex.,measurement,support,reviewed,2026-09-28
edge:0112,exp:koga_dap12,BLNK adaptor complex directly facilitates PLCgamma2 phosphorylation and downstream IP3 production.,measurement,support,reviewed,2026-09-28
edge:0113,exp:asagiri_ifnb,NFATc1 transactivates IFN-beta gene expression in committed osteoclasts.,measurement,support,reviewed,2026-09-28
edge:0114,exp:asagiri_ifnb,Secreted IFN-beta binds cell-surface IFNAR1 in an autocrine loop.,measurement,support,reviewed,2026-09-28
edge:0115,exp:asagiri_ifnb,IFNAR1 signaling triggers Jak1/STAT1 activation leading to targeted degradation of c-Fos protein.,perturbation,support,reviewed,2026-09-28
edge:0116,exp:barnea_snx10,Sorting nexin 10 regulates the endosomal trafficking and membrane retrieval of DC-STAMP.,measurement,support,reviewed,2026-09-28
edge:0117,exp:barnea_snx10,Moesin links actin cortex to membrane vesicles promoting tunneling nanotube and syncytium formation.,measurement,support,reviewed,2026-09-28
edge:0118,exp:zhu_mmp9,NFATc1 induces MMP-9 expression in mature multinucleated osteoclasts.,measurement,support,reviewed,2026-09-28
edge:0119,exp:zhu_mmp9,MMP-9 is secreted into the resorption lacuna to degrade non-collagenous organic bone matrix proteins.,measurement,support,reviewed,2026-09-28
edge:0120,exp:teitel_01,OSTM1 serves as the obligate beta-subunit for CLC-7, required for chloride channel stability and lacuna acidification.,measurement,support,reviewed,2026-09-28
edge:0121,exp:teitel_01,Calcitonin binding to CTR activates PKA and rapidly induces retraction and disassembly of the actin sealing zone.,perturbation,support,reviewed,2026-09-28
edge:0122,exp:anesi_za,Zoledronic acid impairs mevalonate pathway inhibiting Ras farnesylation and c-Src kinase activity.,measurement,support,reviewed,2026-09-28
edge:0123,exp:anesi_za,Zoledronic acid accumulation triggers caspase activation and rapid osteoclast apoptosis.,perturbation,support,reviewed,2026-09-28
edge:0124,exp:zou_01,Saracatinib specifically inhibits c-Src preventing Pyk2/Vav3 phosphorylation and sealing zone formation.,perturbation,support,reviewed,2026-09-28
edge:0125,exp:chen_selinexor,Selinexor inhibits exportin-1 (XPO1) preventing nuclear export of IkB-alpha.,perturbation,support,reviewed,2026-09-28
edge:0126,exp:chen_selinexor,Nuclear accumulation of IkB-alpha sequesters NF-kB p65 and blocks RANKL-induced osteoclast differentiation.,perturbation,support,reviewed,2026-09-28
edge:0127,exp:kim_01,NF-kB p50/p65 binds the Nfatc1 promoter inducing early transcription of the master regulator.,measurement,support,reviewed,2026-09-28
