experiment_id,paper_id,model_system,species,cell_type,differentiation_stage,treatment,dose,duration,endpoint,assay,measured_effect,viability,figure_or_table,verification_status,review_note,legacy_record_path
exp:stegen_01,PMID:38200114,in_vitro,mouse,bone marrow macrophage,early_mononuclear_pre_osteoclast,,,,,,,,,quarantined,"Wrong experiment citation: Figure 2b is bone volume; this paper uses NCT-503, not the asserted CBR-5884 assay. Original values preserved in archive. Unchecked numeric outcomes, dose/time, viability and panel fields removed from active columns; recover original assertions from legacy_record_path.",data/quarantine/legacy_snapshot.zip:data/processed/experiments.csv#exp:stegen_01
exp:stegen_02,PMID:38200114,in_vitro,mouse,bone marrow macrophage,early_mononuclear_pre_osteoclast,RANKL + alpha-KG rescue,,,Nfatc1 promoter H3K27me3,ChIP-qPCR,,,,pending_passage_review,"Original assay/dose/effect fields are legacy assertions, not verified measurements. See source_records.csv for actual citation title. Unchecked numeric outcomes, dose/time, viability and panel fields removed from active columns; recover original assertions from legacy_record_path.",data/quarantine/legacy_snapshot.zip:data/processed/experiments.csv#exp:stegen_02
exp:chu_01,PMID:39120025,in_vitro,mouse,bone marrow macrophage,early_mononuclear_pre_osteoclast,RANKL (50 ng/mL) + EPZ020411,,,TRAP+ multinucleated cells and ECAR,TRAP staining and Seahorse glycolysis,,,,pending_passage_review,"Original assay/dose/effect fields are legacy assertions, not verified measurements. See source_records.csv for actual citation title. Unchecked numeric outcomes, dose/time, viability and panel fields removed from active columns; recover original assertions from legacy_record_path.",data/quarantine/legacy_snapshot.zip:data/processed/experiments.csv#exp:chu_01
exp:chu_02,PMID:39120025,in_vitro,mouse,RAW 264.7,early_mononuclear_pre_osteoclast,RANKL (100 ng/mL),,,PRMT6 expression and H3R2me2a at Ppard promoter,Western blot and ChIP-qPCR,,,,pending_passage_review,"Original assay/dose/effect fields are legacy assertions, not verified measurements. See source_records.csv for actual citation title. Unchecked numeric outcomes, dose/time, viability and panel fields removed from active columns; recover original assertions from legacy_record_path.",data/quarantine/legacy_snapshot.zip:data/processed/experiments.csv#exp:chu_02
exp:yagi_01,PMID:16061724,in_vitro,mouse,bone marrow macrophage,syncytium_prefusion_polykaryon,RANKL (50 ng/mL) in Dcstamp-/- BMMs,,,Cell-cell fusion and multinucleation,Giemsa and TRAP staining,,,,pending_passage_review,"Original assay/dose/effect fields are legacy assertions, not verified measurements. See source_records.csv for actual citation title. Unchecked numeric outcomes, dose/time, viability and panel fields removed from active columns; recover original assertions from legacy_record_path.",data/quarantine/legacy_snapshot.zip:data/processed/experiments.csv#exp:yagi_01
exp:yagi_02,PMID:16061724,in_vitro,mouse,RAW 264.7,syncytium_prefusion_polykaryon,RANKL (100 ng/mL) + DC-STAMP antibody,,,Multinucleated polykaryon count,Microscopy,,,,pending_passage_review,"Original assay/dose/effect fields are legacy assertions, not verified measurements. See source_records.csv for actual citation title. Unchecked numeric outcomes, dose/time, viability and panel fields removed from active columns; recover original assertions from legacy_record_path.",data/quarantine/legacy_snapshot.zip:data/processed/experiments.csv#exp:yagi_02
exp:faccio_01,PMID:15711558,in_vitro,mouse,bone marrow macrophage,mature_multinucleated_osteoclast,RANKL + M-CSF in Vav3-/- BMMs,,,Actin ring and podosome belt formation,Rhodamine phalloidin confocal,,,,pending_passage_review,"Original assay/dose/effect fields are legacy assertions, not verified measurements. See source_records.csv for actual citation title. Unchecked numeric outcomes, dose/time, viability and panel fields removed from active columns; recover original assertions from legacy_record_path.",data/quarantine/legacy_snapshot.zip:data/processed/experiments.csv#exp:faccio_01
exp:faccio_02,PMID:15711558,in_vitro,mouse,bone marrow macrophage,mature_multinucleated_osteoclast,M-CSF + RANKL + Rac1 pull-down,,,GTP-bound active Rac1,GTPase pull-down assay,,,,pending_passage_review,"Original assay/dose/effect fields are legacy assertions, not verified measurements. See source_records.csv for actual citation title. Unchecked numeric outcomes, dose/time, viability and panel fields removed from active columns; recover original assertions from legacy_record_path.",data/quarantine/legacy_snapshot.zip:data/processed/experiments.csv#exp:faccio_02
exp:cheng_01,PMID:23225151,in_vitro,mouse,bone marrow macrophage,early_mononuclear_pre_osteoclast,RANKL (50 ng/mL) + miR-148a mimic,,,MafB protein and TRAP+ MNC,Western blot and TRAP staining,,,,pending_passage_review,"Original assay/dose/effect fields are legacy assertions, not verified measurements. See source_records.csv for actual citation title. Unchecked numeric outcomes, dose/time, viability and panel fields removed from active columns; recover original assertions from legacy_record_path.",data/quarantine/legacy_snapshot.zip:data/processed/experiments.csv#exp:cheng_01
exp:sugatani_01,PMID:21307384,in_vitro,mouse,bone marrow macrophage,early_mononuclear_pre_osteoclast,RANKL (50 ng/mL) + c-Fos binding to miR-21 promoter,,,miR-21 and Pdcd4 expression,qPCR and Luciferase,,,,quarantined,"Original assay/dose/effect fields are legacy assertions, not verified measurements. See source_records.csv for actual citation title. Unchecked numeric outcomes, dose/time, viability and panel fields removed from active columns; recover original assertions from legacy_record_path.",data/quarantine/legacy_snapshot.zip:data/processed/experiments.csv#exp:sugatani_01
exp:krzesz_01,PMID:24965651,in_vitro,mouse,bone marrow macrophage,committed_mononuclear_TRAP_pos,RANKL + miR-34a mimic,,,Tgif2 expression and pit resorption area,qPCR and dentin pit assay,,,,quarantined,"Original assay/dose/effect fields are legacy assertions, not verified measurements. See source_records.csv for actual citation title. Unchecked numeric outcomes, dose/time, viability and panel fields removed from active columns; recover original assertions from legacy_record_path.",data/quarantine/legacy_snapshot.zip:data/processed/experiments.csv#exp:krzesz_01
exp:lee_01,PMID:23568894,in_vitro,mouse,bone marrow macrophage,early_mononuclear_pre_osteoclast,RANKL + miR-124 overexpression,,,Nfatc1 and RhoA mRNA,qPCR and Western blot,,,,quarantined,"Original assay/dose/effect fields are legacy assertions, not verified measurements. See source_records.csv for actual citation title. Unchecked numeric outcomes, dose/time, viability and panel fields removed from active columns; recover original assertions from legacy_record_path.",data/quarantine/legacy_snapshot.zip:data/processed/experiments.csv#exp:lee_01
exp:kim_01,PMID:16339965,in_vitro,mouse,bone marrow macrophage,early_mononuclear_pre_osteoclast,RANKL + DAP12/FcRgamma co-stimulation,,,Intracellular Ca2+ oscillations,Fluo-4 imaging,,,,quarantined,"Original assay/dose/effect fields are legacy assertions, not verified measurements. See source_records.csv for actual citation title. Unchecked numeric outcomes, dose/time, viability and panel fields removed from active columns; recover original assertions from legacy_record_path.",data/quarantine/legacy_snapshot.zip:data/processed/experiments.csv#exp:kim_01
exp:zou_01,PMID:17344416,in_vitro,mouse,bone marrow macrophage,mature_multinucleated_osteoclast,RANKL on dentin + Pyk2/Src inhibitor,,,F-actin sealing zone and pit depth,Confocal and interferometry,,,,quarantined,"Original assay/dose/effect fields are legacy assertions, not verified measurements. See source_records.csv for actual citation title. Unchecked numeric outcomes, dose/time, viability and panel fields removed from active columns; recover original assertions from legacy_record_path.",data/quarantine/legacy_snapshot.zip:data/processed/experiments.csv#exp:zou_01
exp:taub_01,PMID:32668584,in_vitro,mouse,RAW 264.7,early_mononuclear_pre_osteoclast,RANKL (100 ng/mL) + 2-Deoxyglucose (2-DG),,,Lactate secretion and TRAP+ MNC,Enzymatic assay and TRAP staining,,,,quarantined,"Original assay/dose/effect fields are legacy assertions, not verified measurements. See source_records.csv for actual citation title. Unchecked numeric outcomes, dose/time, viability and panel fields removed from active columns; recover original assertions from legacy_record_path.",data/quarantine/legacy_snapshot.zip:data/processed/experiments.csv#exp:taub_01
exp:hu_01,DOI:10.1038/s44319-024-00255-x,in_vitro,mouse,bone marrow macrophage,early_mononuclear_pre_osteoclast,RANKL (50 ng/mL) + CB-839 (Telaglenastat),,,TRAP+ multinucleated cells,TRAP staining,,,,pending_passage_review,"Original assay/dose/effect fields are legacy assertions, not verified measurements. See source_records.csv for actual citation title. Unchecked numeric outcomes, dose/time, viability and panel fields removed from active columns; recover original assertions from legacy_record_path.",data/quarantine/legacy_snapshot.zip:data/processed/experiments.csv#exp:hu_01
exp:rong_01,DOI:10.1038/s41413-025-00437-w,in_vitro,mouse,bone marrow macrophage,committed_mononuclear_TRAP_pos,RANKL + 4-octyl itaconate (4-OI),,,TET2 activity and 5hmC dot blot,Dot blot and TRAP staining,,,,pending_passage_review,"Original assay/dose/effect fields are legacy assertions, not verified measurements. See source_records.csv for actual citation title. Unchecked numeric outcomes, dose/time, viability and panel fields removed from active columns; recover original assertions from legacy_record_path.",data/quarantine/legacy_snapshot.zip:data/processed/experiments.csv#exp:rong_01
exp:teitel_01,PMID:17626889,in_vitro,mouse,bone marrow macrophage,mature_multinucleated_osteoclast,RANKL-matured osteoclasts on cortical bone,,,TRAP (ACP5) and CTSK lacunar secretion,Immunofluorescence and pH imaging,,,,quarantined,"Original assay/dose/effect fields are legacy assertions, not verified measurements. See source_records.csv for actual citation title. Unchecked numeric outcomes, dose/time, viability and panel fields removed from active columns; recover original assertions from legacy_record_path.",data/quarantine/legacy_snapshot.zip:data/processed/experiments.csv#exp:teitel_01
exp:zhao_irf8,PMID:19783995,in_vitro,mouse,bone marrow macrophage,early_mononuclear_pre_osteoclast,RANKL stimulation in Irf8-/- vs WT BMMs,,,NFATc1 induction and TRAP+ MNC,qPCR and TRAP staining,,,,quarantined,"Original assay/dose/effect fields are legacy assertions, not verified measurements. See source_records.csv for actual citation title. Unchecked numeric outcomes, dose/time, viability and panel fields removed from active columns; recover original assertions from legacy_record_path.",data/quarantine/legacy_snapshot.zip:data/processed/experiments.csv#exp:zhao_irf8
exp:nishikawa_blimp1,PMID:20176943,in_vitro,mouse,bone marrow macrophage,early_mononuclear_pre_osteoclast,RANKL-induced Blimp1 expression,,,IRF8 and Bcl6 promoter binding,ChIP-qPCR,,,,quarantined,"Original assay/dose/effect fields are legacy assertions, not verified measurements. See source_records.csv for actual citation title. Unchecked numeric outcomes, dose/time, viability and panel fields removed from active columns; recover original assertions from legacy_record_path.",data/quarantine/legacy_snapshot.zip:data/processed/experiments.csv#exp:nishikawa_blimp1
exp:miyauchi_bcl6,PMID:20562863,in_vitro,mouse,bone marrow macrophage,early_mononuclear_pre_osteoclast,RANKL in Bcl6-/- BMMs,,,DC-STAMP and CTSK expression,Northern blot,,,,quarantined,"Original assay/dose/effect fields are legacy assertions, not verified measurements. See source_records.csv for actual citation title. Unchecked numeric outcomes, dose/time, viability and panel fields removed from active columns; recover original assertions from legacy_record_path.",data/quarantine/legacy_snapshot.zip:data/processed/experiments.csv#exp:miyauchi_bcl6
exp:deepak_ift80,PMID:35500588,in_vitro,mouse,bone marrow macrophage,early_mononuclear_pre_osteoclast,RANKL + IFT80 shRNA,,,TRAF6 ubiquitination and NF-kB activation,Immunoprecipitation,,,,quarantined,"Original assay/dose/effect fields are legacy assertions, not verified measurements. See source_records.csv for actual citation title. Unchecked numeric outcomes, dose/time, viability and panel fields removed from active columns; recover original assertions from legacy_record_path.",data/quarantine/legacy_snapshot.zip:data/processed/experiments.csv#exp:deepak_ift80
exp:wu_gna13,PMID:28094254,in_vitro,mouse,bone marrow macrophage,early_mononuclear_pre_osteoclast,RANKL + Gna13 conditional knockout (LysM-Cre),,,Akt phosphorylation and NFATc1 nuclear entry,Western blot,,,,quarantined,"Original assay/dose/effect fields are legacy assertions, not verified measurements. See source_records.csv for actual citation title. Unchecked numeric outcomes, dose/time, viability and panel fields removed from active columns; recover original assertions from legacy_record_path.",data/quarantine/legacy_snapshot.zip:data/processed/experiments.csv#exp:wu_gna13
exp:yang_rgs10,PMID:17671092,in_vitro,mouse,bone marrow macrophage,early_mononuclear_pre_osteoclast,RANKL in Rgs10-/- BMMs,,,Intracellular Ca2+ oscillations and NFATc1,Fluo-4 imaging,,,,quarantined,"Original assay/dose/effect fields are legacy assertions, not verified measurements. See source_records.csv for actual citation title. Unchecked numeric outcomes, dose/time, viability and panel fields removed from active columns; recover original assertions from legacy_record_path.",data/quarantine/legacy_snapshot.zip:data/processed/experiments.csv#exp:yang_rgs10
exp:asagiri_ifnb,PMID:16275760,in_vitro,mouse,bone marrow macrophage,committed_mononuclear_TRAP_pos,RANKL + recombinant IFN-beta,,,c-Fos protein degradation,Western blot,,,,quarantined,"Original assay/dose/effect fields are legacy assertions, not verified measurements. See source_records.csv for actual citation title. Unchecked numeric outcomes, dose/time, viability and panel fields removed from active columns; recover original assertions from legacy_record_path.",data/quarantine/legacy_snapshot.zip:data/processed/experiments.csv#exp:asagiri_ifnb
exp:barnea_snx10,PMID:38718105,in_vitro,mouse,bone marrow macrophage,syncytium_prefusion_polykaryon,RANKL in Snx10-/- BMMs,,,DC-STAMP cell-surface retention and cell size,Confocal microscopy,,,,quarantined,"Original assay/dose/effect fields are legacy assertions, not verified measurements. See source_records.csv for actual citation title. Unchecked numeric outcomes, dose/time, viability and panel fields removed from active columns; recover original assertions from legacy_record_path.",data/quarantine/legacy_snapshot.zip:data/processed/experiments.csv#exp:barnea_snx10
exp:chen_selinexor,PMID:35465406,in_vitro,mouse,bone marrow macrophage,early_mononuclear_pre_osteoclast,RANKL + Selinexor (XPO1 inhibitor),,,IkB-alpha nuclear accumulation and NF-kB,Confocal and TRAP staining,,,,quarantined,"Original assay/dose/effect fields are legacy assertions, not verified measurements. See source_records.csv for actual citation title. Unchecked numeric outcomes, dose/time, viability and panel fields removed from active columns; recover original assertions from legacy_record_path.",data/quarantine/legacy_snapshot.zip:data/processed/experiments.csv#exp:chen_selinexor
exp:anesi_za,PMID:31590212,in_vitro,mouse,bone marrow macrophage,mature_multinucleated_osteoclast,RANKL + Zoledronic acid (ZA),,,Apoptosis and c-Src/PKC activity,Annexin V and Western blot,,,,quarantined,"Original assay/dose/effect fields are legacy assertions, not verified measurements. See source_records.csv for actual citation title. Unchecked numeric outcomes, dose/time, viability and panel fields removed from active columns; recover original assertions from legacy_record_path.",data/quarantine/legacy_snapshot.zip:data/processed/experiments.csv#exp:anesi_za
exp:boyle_denosumab,PMID:12748631,in_vitro,mouse,bone marrow macrophage,early_mononuclear_pre_osteoclast,RANKL + Denosumab / OPG-Fc,,,RANKL-RANK complex formation,ELISA and TRAP staining,,,,quarantined,"Original assay/dose/effect fields are legacy assertions, not verified measurements. See source_records.csv for actual citation title. Unchecked numeric outcomes, dose/time, viability and panel fields removed from active columns; recover original assertions from legacy_record_path.",data/quarantine/legacy_snapshot.zip:data/processed/experiments.csv#exp:boyle_denosumab
exp:koga_dap12,PMID:15071536,in_vitro,mouse,bone marrow macrophage,early_mononuclear_pre_osteoclast,RANKL in Dap12-/- Fcer1g-/- double knockout,,,PLC-gamma phosphorylation and multinucleation,Western blot and TRAP,,,,quarantined,"Original assay/dose/effect fields are legacy assertions, not verified measurements. See source_records.csv for actual citation title. Unchecked numeric outcomes, dose/time, viability and panel fields removed from active columns; recover original assertions from legacy_record_path.",data/quarantine/legacy_snapshot.zip:data/processed/experiments.csv#exp:koga_dap12
exp:zhu_mmp9,PMID:36277180,in_vitro,mouse,bone marrow macrophage,mature_multinucleated_osteoclast,RANKL on bovine bone slices in Mmp9-/- BMMs,,,Bone matrix collagen degradation,Collagen release assay,,,,quarantined,"Original assay/dose/effect fields are legacy assertions, not verified measurements. See source_records.csv for actual citation title. Unchecked numeric outcomes, dose/time, viability and panel fields removed from active columns; recover original assertions from legacy_record_path.",data/quarantine/legacy_snapshot.zip:data/processed/experiments.csv#exp:zhu_mmp9
exp:koga_04,PMID:15082782,in_vitro,mouse,bone marrow macrophage,early_mononuclear_pre_osteoclast,RANKL + M-CSF,,,Phosphorylation of ITAM adaptors and calcium flux,Immunoprecipitation and Fura-2 calcium imaging,,,,quarantined,"Original assay/dose/effect fields are legacy assertions, not verified measurements. See source_records.csv for actual citation title. Unchecked numeric outcomes, dose/time, viability and panel fields removed from active columns; recover original assertions from legacy_record_path.",data/quarantine/legacy_snapshot.zip:data/processed/experiments.csv#exp:koga_04
exp:zhao_06,PMID:16886064,in_vitro,mouse,bone marrow macrophage,committed_mononuclear_TRAP_pos,RANKL + Ephrin-B2-Fc,,,TRAP+ multinucleated cells and NFATc1 expression,TRAP staining and Western blot,,,,pending_passage_review,"Original assay/dose/effect fields are legacy assertions, not verified measurements. See source_records.csv for actual citation title. Unchecked numeric outcomes, dose/time, viability and panel fields removed from active columns; recover original assertions from legacy_record_path.",data/quarantine/legacy_snapshot.zip:data/processed/experiments.csv#exp:zhao_06
exp:boyce_09,PMID:19428888,in_vitro,mouse,bone marrow macrophage,early_mononuclear_pre_osteoclast,RANKL + TNF-alpha / IL-1beta,,,NF-kB activation and osteoclast formation,Electrophoretic mobility shift assay (EMSA) and TRAP staining,,,,quarantined,"Original assay/dose/effect fields are legacy assertions, not verified measurements. See source_records.csv for actual citation title. Unchecked numeric outcomes, dose/time, viability and panel fields removed from active columns; recover original assertions from legacy_record_path.",data/quarantine/legacy_snapshot.zip:data/processed/experiments.csv#exp:boyce_09
exp:boyce_15,PMID:25666750,in_vitro,mouse,bone marrow macrophage,uncommitted_monocyte_BMM_precursor,RANKL + M-CSF,,,"Precursor proliferation, survival, and kinase phosphorylation",Western blot and MTT assay,,,,quarantined,"Original assay/dose/effect fields are legacy assertions, not verified measurements. See source_records.csv for actual citation title. Unchecked numeric outcomes, dose/time, viability and panel fields removed from active columns; recover original assertions from legacy_record_path.",data/quarantine/legacy_snapshot.zip:data/processed/experiments.csv#exp:boyce_15
exp:wada_06,PMID:16778401,in_vitro,mouse,RAW 264.7,early_mononuclear_pre_osteoclast,RANKL stimulation,,,"Phosphorylation of MAP3Ks, MAP2Ks, and terminal MAPKs",Western blot and kinase activity assay,,,,quarantined,"Original assay/dose/effect fields are legacy assertions, not verified measurements. See source_records.csv for actual citation title. Unchecked numeric outcomes, dose/time, viability and panel fields removed from active columns; recover original assertions from legacy_record_path.",data/quarantine/legacy_snapshot.zip:data/processed/experiments.csv#exp:wada_06
exp:zhao_10,PMID:20448187,in_vitro,mouse,bone marrow macrophage,early_mononuclear_pre_osteoclast,RANKL stimulation in BCAP-deficient vs WT BMMs,,,p38 phosphorylation and CREB activation,Western blot and TRAP staining,,,,quarantined,"Original assay/dose/effect fields are legacy assertions, not verified measurements. See source_records.csv for actual citation title. Unchecked numeric outcomes, dose/time, viability and panel fields removed from active columns; recover original assertions from legacy_record_path.",data/quarantine/legacy_snapshot.zip:data/processed/experiments.csv#exp:zhao_10
exp:yang_19,PMID:30689953,in_vitro,mouse,bone marrow macrophage,early_mononuclear_pre_osteoclast,RANKL + recombinant Ameloblastin,,,Osteoclast differentiation and p38-CREB binding,Co-immunoprecipitation and TRAP staining,,,,pending_passage_review,"Original assay/dose/effect fields are legacy assertions, not verified measurements. See source_records.csv for actual citation title. Unchecked numeric outcomes, dose/time, viability and panel fields removed from active columns; recover original assertions from legacy_record_path.",data/quarantine/legacy_snapshot.zip:data/processed/experiments.csv#exp:yang_19
exp:shin_14,PMID:24729557,in_vitro,mouse,bone marrow macrophage,committed_mononuclear_TRAP_pos,RANKL stimulation in DUSP1-deficient vs WT BMMs,,,p38 and JNK phosphorylation levels,Western blot and TRAP staining,,,,quarantined,"Original assay/dose/effect fields are legacy assertions, not verified measurements. See source_records.csv for actual citation title. Unchecked numeric outcomes, dose/time, viability and panel fields removed from active columns; recover original assertions from legacy_record_path.",data/quarantine/legacy_snapshot.zip:data/processed/experiments.csv#exp:shin_14
exp:jin_14,PMID:24497523,in_vitro,mouse,bone marrow macrophage,committed_mononuclear_TRAP_pos,RANKL stimulation in SREBP2-depleted BMMs,,,IRF7 induction and NFATc1 expression,qRT-PCR and TRAP staining,,,,pending_passage_review,"Original assay/dose/effect fields are legacy assertions, not verified measurements. See source_records.csv for actual citation title. Unchecked numeric outcomes, dose/time, viability and panel fields removed from active columns; recover original assertions from legacy_record_path.",data/quarantine/legacy_snapshot.zip:data/processed/experiments.csv#exp:jin_14
exp:nishikawa_15,PMID:25838377,in_vitro,mouse,bone marrow macrophage,committed_mononuclear_TRAP_pos,RANKL stimulation in Dnmt3a-deficient BMMs,,,DNA methylation at Irf8 locus and osteoclast differentiation,"Bisulfite sequencing, ChIP-qPCR, and TRAP staining",,,,quarantined,"Original assay/dose/effect fields are legacy assertions, not verified measurements. See source_records.csv for actual citation title. Unchecked numeric outcomes, dose/time, viability and panel fields removed from active columns; recover original assertions from legacy_record_path.",data/quarantine/legacy_snapshot.zip:data/processed/experiments.csv#exp:nishikawa_15
exp:li_17,PMID:28623696,in_vitro,mouse,bone marrow macrophage,committed_mononuclear_TRAP_pos,RANKL + exosomal lncRNA AW011738,,,TREM1 expression and osteoclastogenesis,qRT-PCR and Luciferase reporter assay,,,,pending_passage_review,"Original assay/dose/effect fields are legacy assertions, not verified measurements. See source_records.csv for actual citation title. Unchecked numeric outcomes, dose/time, viability and panel fields removed from active columns; recover original assertions from legacy_record_path.",data/quarantine/legacy_snapshot.zip:data/processed/experiments.csv#exp:li_17
exp:sun_18,PMID:29706539,in_vitro,mouse,RAW 264.7,early_mononuclear_pre_osteoclast,RANKL + 4-octyl itaconate (OI),,,"Succinate dehydrogenase activity, ROS production, and TRAP+ osteoclasts","Complex II enzyme assay, DCFH-DA ROS flow cytometry, and TRAP staining",,,,pending_passage_review,"Original assay/dose/effect fields are legacy assertions, not verified measurements. See source_records.csv for actual citation title. Unchecked numeric outcomes, dose/time, viability and panel fields removed from active columns; recover original assertions from legacy_record_path.",data/quarantine/legacy_snapshot.zip:data/processed/experiments.csv#exp:sun_18
exp:bozec_10,PMID:20093358,in_vitro,mouse,bone marrow macrophage,committed_mononuclear_TRAP_pos,RANKL stimulation in Hif1a-deficient vs WT BMMs,,,"Glycolytic enzyme expression (HK2, PFKFB3, LDHA) and pit resorption","qRT-PCR, Seahorse ECAR, and dentin slice resorption pit assay",,,,pending_passage_review,"Original assay/dose/effect fields are legacy assertions, not verified measurements. See source_records.csv for actual citation title. Unchecked numeric outcomes, dose/time, viability and panel fields removed from active columns; recover original assertions from legacy_record_path.",data/quarantine/legacy_snapshot.zip:data/processed/experiments.csv#exp:bozec_10
exp:teitelbaum_07,PMID:17957246,in_vitro,mouse,bone marrow macrophage,mature_multinucleated_osteoclast,RANKL-differentiated mature osteoclasts on bone matrix,,,"CTSK, MMP9, MMP13, and TRAP secretion and lacunar excavation","Zymography, Western blot, and scanning electron microscopy (SEM)",,,,quarantined,"Original assay/dose/effect fields are legacy assertions, not verified measurements. See source_records.csv for actual citation title. Unchecked numeric outcomes, dose/time, viability and panel fields removed from active columns; recover original assertions from legacy_record_path.",data/quarantine/legacy_snapshot.zip:data/processed/experiments.csv#exp:teitelbaum_07
exp:mizoguchi_09,PMID:19307409,in_vitro,mouse,bone marrow macrophage,mature_multinucleated_osteoclast,RANKL stimulation in DC-STAMP / OC-STAMP mutant BMMs,,,Multinucleation and syncytium formation,Giemsa staining and fluorescence imaging,,,,quarantined,"Original assay/dose/effect fields are legacy assertions, not verified measurements. See source_records.csv for actual citation title. Unchecked numeric outcomes, dose/time, viability and panel fields removed from active columns; recover original assertions from legacy_record_path.",data/quarantine/legacy_snapshot.zip:data/processed/experiments.csv#exp:mizoguchi_09
exp:takayanagi_02,PMID:11877423,in_vitro,mouse,bone marrow macrophage,committed_mononuclear_TRAP_pos,RANKL stimulation,,,"NFATc1 induction and osteoclast marker transcription (TRAP, CTSK, OSCAR)","Northern blot, Western blot, and retroviral overexpression",,,,quarantined,"Original assay/dose/effect fields are legacy assertions, not verified measurements. See source_records.csv for actual citation title. Unchecked numeric outcomes, dose/time, viability and panel fields removed from active columns; recover original assertions from legacy_record_path.",data/quarantine/legacy_snapshot.zip:data/processed/experiments.csv#exp:takayanagi_02
exp:asagiri_05,PMID:15849298,in_vitro,mouse,bone marrow macrophage,early_mononuclear_pre_osteoclast,RANKL stimulation,,,Autoamplification of NFATc1 via AP-1 and CREB,"ChIP-qPCR, luciferase reporter, and EMSA",,,,quarantined,"Original assay/dose/effect fields are legacy assertions, not verified measurements. See source_records.csv for actual citation title. Unchecked numeric outcomes, dose/time, viability and panel fields removed from active columns; recover original assertions from legacy_record_path.",data/quarantine/legacy_snapshot.zip:data/processed/experiments.csv#exp:asagiri_05
