source_id,title,doi,pmid,pmcid,publication_types,resolution_status,claim_match_status,url,retrieved_at,raw_file,raw_sha256
DOI:10.1038/s41413-025-00437-w,Inflammatory macrophage-derived itaconate inhibits DNA demethylase TET2 to prevent excessive osteoclast activation in rheumatoid arthritis.,10.1038/s41413-025-00437-w,40500265,PMC12159140,research-article|Journal Article,resolved,relevant_paper_claim_pending,https://pubmed.ncbi.nlm.nih.gov/40500265/,2026-09-29T21:49:35.445536+00:00,data/raw/provenance/europepmc_records.json,5218f1e85d6031eb7ecbf40a2bb76704667ef43d2acec243d01626e8edf4ecef
DOI:10.1038/s44319-024-00255-x,Glutaminolysis provides nucleotides and amino acids to regulate osteoclast differentiation in mice.,10.1038/s44319-024-00255-x,39271775,PMC11467445,research-article|Journal Article,resolved,relevant_paper_claim_pending,https://pubmed.ncbi.nlm.nih.gov/39271775/,2026-09-29T21:49:35.445536+00:00,data/raw/provenance/europepmc_records.json,5218f1e85d6031eb7ecbf40a2bb76704667ef43d2acec243d01626e8edf4ecef
PMID:11877423,Composition and function of AP-1 transcription complexes during muscle cell differentiation.,10.1074/jbc.m110891200,11877423,,"Research Support, Non-U.S. Gov't|Journal Article",resolved,citation_topic_mismatch,https://pubmed.ncbi.nlm.nih.gov/11877423/,2026-09-29T21:49:35.445536+00:00,data/raw/provenance/europepmc_records.json,5218f1e85d6031eb7ecbf40a2bb76704667ef43d2acec243d01626e8edf4ecef
PMID:12748631,Planetary science: Mission to Earth's core--a modest proposal.,10.1038/423239a,12748631,,Journal Article,resolved,citation_topic_mismatch,https://pubmed.ncbi.nlm.nih.gov/12748631/,2026-09-29T21:49:35.445536+00:00,data/raw/provenance/europepmc_records.json,5218f1e85d6031eb7ecbf40a2bb76704667ef43d2acec243d01626e8edf4ecef
PMID:15071536,Attitudes to water fluoridation in general dental practice in the North East of England.,10.1038/sj.bdj.4811145,15071536,,Journal Article,resolved,citation_topic_mismatch,https://pubmed.ncbi.nlm.nih.gov/15071536/,2026-09-29T21:49:35.445536+00:00,data/raw/provenance/europepmc_records.json,5218f1e85d6031eb7ecbf40a2bb76704667ef43d2acec243d01626e8edf4ecef
PMID:15082782,p150(Sal2) is a p53-independent regulator of p21(WAF1/CIP).,10.1128/mcb.24.9.3885-3893.2004,15082782,PMC387742,"Research Support, U.S. Gov't, P.H.S.|Research Support, Non-U.S. Gov't|research-article|Journal Article",resolved,citation_topic_mismatch,https://pubmed.ncbi.nlm.nih.gov/15082782/,2026-09-29T21:49:35.445536+00:00,data/raw/provenance/europepmc_records.json,5218f1e85d6031eb7ecbf40a2bb76704667ef43d2acec243d01626e8edf4ecef
PMID:15711558,Vav3 regulates osteoclast function and bone mass.,10.1038/nm1194,15711558,,"Research Support, U.S. Gov't, P.H.S.|Research Support, Non-U.S. Gov't|Journal Article",resolved,relevant_paper_claim_pending,https://pubmed.ncbi.nlm.nih.gov/15711558/,2026-09-29T21:49:35.445536+00:00,data/raw/provenance/europepmc_records.json,5218f1e85d6031eb7ecbf40a2bb76704667ef43d2acec243d01626e8edf4ecef
PMID:15849298,"Functional characterization and expression analysis of a gene, OsENT2, encoding an equilibrative nucleoside transporter in rice suggest a function in cytokinin transport.",10.1104/pp.105.060137,15849298,,"Research Support, Non-U.S. Gov't|Journal Article",resolved,citation_topic_mismatch,https://pubmed.ncbi.nlm.nih.gov/15849298/,2026-09-29T21:49:35.445536+00:00,data/raw/provenance/europepmc_records.json,5218f1e85d6031eb7ecbf40a2bb76704667ef43d2acec243d01626e8edf4ecef
PMID:16061724,DC-STAMP is essential for cell-cell fusion in osteoclasts and foreign body giant cells.,10.1084/jem.20050645,16061724,PMC2213087,"Research Support, Non-U.S. Gov't|research-article|Journal Article",resolved,relevant_paper_claim_pending,https://pubmed.ncbi.nlm.nih.gov/16061724/,2026-09-29T21:49:35.445536+00:00,data/raw/provenance/europepmc_records.json,5218f1e85d6031eb7ecbf40a2bb76704667ef43d2acec243d01626e8edf4ecef
PMID:16275760,TSLP-activated dendritic cells induce an inflammatory T helper type 2 cell response through OX40 ligand.,10.1084/jem.20051135,16275760,PMC2213234,"research-article|Journal Article|Research Support, N.I.H., Extramural",resolved,citation_topic_mismatch,https://pubmed.ncbi.nlm.nih.gov/16275760/,2026-09-29T21:49:35.445536+00:00,data/raw/provenance/europepmc_records.json,5218f1e85d6031eb7ecbf40a2bb76704667ef43d2acec243d01626e8edf4ecef
PMID:16339965,CAR might provide a survival signal for myocardial cells.,10.1242/jcs.02747,16339965,,Letter|Comment,resolved,citation_topic_mismatch,https://pubmed.ncbi.nlm.nih.gov/16339965/,2026-09-29T21:49:35.445536+00:00,data/raw/provenance/europepmc_records.json,5218f1e85d6031eb7ecbf40a2bb76704667ef43d2acec243d01626e8edf4ecef
PMID:16778401,Association between alcoholism and the genetic polymorphisms of the GABAA receptor genes on chromosome 5q33-34 in Korean population.,10.3346/jkms.2006.21.3.533,16778401,PMC2729963,research-article|Journal Article,resolved,citation_topic_mismatch,https://pubmed.ncbi.nlm.nih.gov/16778401/,2026-09-29T21:49:35.445536+00:00,data/raw/provenance/europepmc_records.json,5218f1e85d6031eb7ecbf40a2bb76704667ef43d2acec243d01626e8edf4ecef
PMID:16886064,MyD88-dependent IL-1 receptor signaling is essential for gouty inflammation stimulated by monosodium urate crystals.,10.1172/jci28075,16886064,PMC1523415,"research-article|Journal Article|Research Support, N.I.H., Extramural",resolved,claim_match_pending,https://pubmed.ncbi.nlm.nih.gov/16886064/,2026-09-29T21:49:35.445536+00:00,data/raw/provenance/europepmc_records.json,5218f1e85d6031eb7ecbf40a2bb76704667ef43d2acec243d01626e8edf4ecef
PMID:17344416,Drosophila GAGA factor directs histone H3.3 replacement that prevents the heterochromatin spreading.,10.1101/gad.1503407,17344416,PMC1820897,"Research Support, Non-U.S. Gov't|research-article|Journal Article",resolved,citation_topic_mismatch,https://pubmed.ncbi.nlm.nih.gov/17344416/,2026-09-29T21:49:35.445536+00:00,data/raw/provenance/europepmc_records.json,5218f1e85d6031eb7ecbf40a2bb76704667ef43d2acec243d01626e8edf4ecef
PMID:17626889,"High-fat diet induced neuropathy of pre-diabetes and obesity: effects of ""healthy"" diet and aldose reductase inhibition.",10.2337/db06-1176,17626889,,"Research Support, Non-U.S. Gov't|Journal Article",resolved,citation_topic_mismatch,https://pubmed.ncbi.nlm.nih.gov/17626889/,2026-09-29T21:49:35.445536+00:00,data/raw/provenance/europepmc_records.json,5218f1e85d6031eb7ecbf40a2bb76704667ef43d2acec243d01626e8edf4ecef
PMID:17671092,A three-helix homo-oligomerization domain containing BH3 and BH1 is responsible for the apoptotic activity of Bax.,10.1101/gad.1553607,17671092,PMC1935031,"Research Support, Non-U.S. Gov't|research-article|Journal Article|Research Support, N.I.H., Extramural",resolved,citation_topic_mismatch,https://pubmed.ncbi.nlm.nih.gov/17671092/,2026-09-29T21:49:35.445536+00:00,data/raw/provenance/europepmc_records.json,5218f1e85d6031eb7ecbf40a2bb76704667ef43d2acec243d01626e8edf4ecef
PMID:17957246,A new method to extract dental pulp DNA: application to universal detection of bacteria.,10.1371/journal.pone.0001062,17957246,PMC2031827,"Research Support, Non-U.S. Gov't|research-article|Journal Article",resolved,citation_topic_mismatch,https://pubmed.ncbi.nlm.nih.gov/17957246/,2026-09-29T21:49:35.445536+00:00,data/raw/provenance/europepmc_records.json,5218f1e85d6031eb7ecbf40a2bb76704667ef43d2acec243d01626e8edf4ecef
PMID:19307409,Potter's potions: aconite poisoning.,10.1136/emj.2008.064584,19307409,,Letter|Comment,resolved,citation_topic_mismatch,https://pubmed.ncbi.nlm.nih.gov/19307409/,2026-09-29T21:49:35.445536+00:00,data/raw/provenance/europepmc_records.json,5218f1e85d6031eb7ecbf40a2bb76704667ef43d2acec243d01626e8edf4ecef
PMID:19428888,Genetic engineering of a modified herpes simplex virus 1 vaccine vector.,10.1016/j.vaccine.2009.03.003,19428888,PMC2680798,"research-article|Journal Article|Research Support, N.I.H., Extramural",resolved,citation_topic_mismatch,https://pubmed.ncbi.nlm.nih.gov/19428888/,2026-09-29T21:49:35.445536+00:00,data/raw/provenance/europepmc_records.json,5218f1e85d6031eb7ecbf40a2bb76704667ef43d2acec243d01626e8edf4ecef
PMID:19783995,Dual roles for hepatic lectin receptors in the clearance of chilled platelets.,10.1038/nm.2030,19783995,PMC4428152,"Research Support, Non-U.S. Gov't|research-article|Journal Article|Research Support, N.I.H., Extramural",resolved,citation_topic_mismatch,https://pubmed.ncbi.nlm.nih.gov/19783995/,2026-09-29T21:49:35.445536+00:00,data/raw/provenance/europepmc_records.json,5218f1e85d6031eb7ecbf40a2bb76704667ef43d2acec243d01626e8edf4ecef
PMID:20093358,Anti-inflammatory compounds parthenolide and Bay 11-7082 are direct inhibitors of the inflammasome.,10.1074/jbc.m109.082305,20093358,PMC2843228,"research-article|Journal Article|Research Support, N.I.H., Extramural",resolved,claim_match_pending,https://pubmed.ncbi.nlm.nih.gov/20093358/,2026-09-29T21:49:35.445536+00:00,data/raw/provenance/europepmc_records.json,5218f1e85d6031eb7ecbf40a2bb76704667ef43d2acec243d01626e8edf4ecef
PMID:20176943,The PPH1 phosphatase is specifically involved in LHCII dephosphorylation and state transitions in Arabidopsis.,10.1073/pnas.0913810107,20176943,PMC2842063,"Research Support, Non-U.S. Gov't|research-article|Journal Article",resolved,citation_topic_mismatch,https://pubmed.ncbi.nlm.nih.gov/20176943/,2026-09-29T21:49:35.445536+00:00,data/raw/provenance/europepmc_records.json,5218f1e85d6031eb7ecbf40a2bb76704667ef43d2acec243d01626e8edf4ecef
PMID:20448187,,,,,,not_resolved,not_resolved,,2026-09-29T21:49:35.445536+00:00,data/raw/provenance/europepmc_records.json,5218f1e85d6031eb7ecbf40a2bb76704667ef43d2acec243d01626e8edf4ecef
PMID:20562863,Pairwise agonist scanning predicts cellular signaling responses to combinatorial stimuli.,10.1038/nbt.1642,20562863,PMC3010846,"research-article|Journal Article|Research Support, N.I.H., Extramural",resolved,citation_topic_mismatch,https://pubmed.ncbi.nlm.nih.gov/20562863/,2026-09-29T21:49:35.445536+00:00,data/raw/provenance/europepmc_records.json,5218f1e85d6031eb7ecbf40a2bb76704667ef43d2acec243d01626e8edf4ecef
PMID:21307384,Nodulation enhances dark COâ‚‚ fixation and recycling in the model legume Lotus japonicus.,10.1093/jxb/err009,21307384,,"Research Support, Non-U.S. Gov't|Journal Article",resolved,citation_topic_mismatch,https://pubmed.ncbi.nlm.nih.gov/21307384/,2026-09-29T21:49:35.445536+00:00,data/raw/provenance/europepmc_records.json,5218f1e85d6031eb7ecbf40a2bb76704667ef43d2acec243d01626e8edf4ecef
PMID:23225151,miR-148a regulates osteoclastogenesis by targeting V-maf musculoaponeurotic fibrosarcoma oncogene homolog B.,10.1002/jbmr.1845,23225151,,"Research Support, Non-U.S. Gov't|Journal Article",resolved,relevant_paper_claim_pending,https://pubmed.ncbi.nlm.nih.gov/23225151/,2026-09-29T21:49:35.445536+00:00,data/raw/provenance/europepmc_records.json,5218f1e85d6031eb7ecbf40a2bb76704667ef43d2acec243d01626e8edf4ecef
PMID:23568894,The voltage-dependent L-type Ca2+ (CaV1.2) channel C-terminus fragment is a bi-modal vasodilator.,10.1113/jphysiol.2013.251926,23568894,,"Journal Article|Research Support, N.I.H., Extramural",resolved,citation_topic_mismatch,https://pubmed.ncbi.nlm.nih.gov/23568894/,2026-09-29T21:49:35.445536+00:00,data/raw/provenance/europepmc_records.json,5218f1e85d6031eb7ecbf40a2bb76704667ef43d2acec243d01626e8edf4ecef
PMID:24497523,ES-62 protects against collagen-induced arthritis by resetting interleukin-22 toward resolution of inflammation in the joints.,10.1002/art.38392,24497523,PMC4737104,"Research Support, Non-U.S. Gov't|research-article|Journal Article",resolved,claim_match_pending,https://pubmed.ncbi.nlm.nih.gov/24497523/,2026-09-29T21:49:35.445536+00:00,data/raw/provenance/europepmc_records.json,5218f1e85d6031eb7ecbf40a2bb76704667ef43d2acec243d01626e8edf4ecef
PMID:24729557,Musculoskeletal ultrasound and anatomy: comment on the article by Navarro-Zarza et al.,10.1002/acr.22344,24729557,,Letter|Comment,resolved,citation_topic_mismatch,https://pubmed.ncbi.nlm.nih.gov/24729557/,2026-09-29T21:49:35.445536+00:00,data/raw/provenance/europepmc_records.json,5218f1e85d6031eb7ecbf40a2bb76704667ef43d2acec243d01626e8edf4ecef
PMID:24965651,Aspergillomarasmine A overcomes metallo-Î²-lactamase antibiotic resistance.,10.1038/nature13445,24965651,PMC4981499,"Research Support, Non-U.S. Gov't|research-article|Journal Article",resolved,citation_topic_mismatch,https://pubmed.ncbi.nlm.nih.gov/24965651/,2026-09-29T21:49:35.445536+00:00,data/raw/provenance/europepmc_records.json,5218f1e85d6031eb7ecbf40a2bb76704667ef43d2acec243d01626e8edf4ecef
PMID:25666750,Research progress on the multidrug resistance mechanisms of osteosarcoma chemotherapy and reversal.,10.1007/s13277-015-3181-0,25666750,,Review|Journal Article,resolved,citation_topic_mismatch,https://pubmed.ncbi.nlm.nih.gov/25666750/,2026-09-29T21:49:35.445536+00:00,data/raw/provenance/europepmc_records.json,5218f1e85d6031eb7ecbf40a2bb76704667ef43d2acec243d01626e8edf4ecef
PMID:25838377,Cancer and the microbiota.,10.1126/science.aaa4972,25838377,PMC5535753,"Research Support, Non-U.S. Gov't|research-article|Review|Journal Article|Research Support, N.I.H., Extramural",resolved,citation_topic_mismatch,https://pubmed.ncbi.nlm.nih.gov/25838377/,2026-09-29T21:49:35.445536+00:00,data/raw/provenance/europepmc_records.json,5218f1e85d6031eb7ecbf40a2bb76704667ef43d2acec243d01626e8edf4ecef
PMID:28094254,Describing polyhedral tilings and higher dimensional polytopes by sequence of their two-dimensional components.,10.1038/srep40269,28094254,PMC5240342,research-article|Journal Article,resolved,citation_topic_mismatch,https://pubmed.ncbi.nlm.nih.gov/28094254/,2026-09-29T21:49:35.445536+00:00,data/raw/provenance/europepmc_records.json,5218f1e85d6031eb7ecbf40a2bb76704667ef43d2acec243d01626e8edf4ecef
PMID:28623696,Optimizing purification process of MIM-I-BAR domain by introducing atomic force microscope and dynamics simulations.,10.1016/j.colsurfb.2017.05.054,28623696,,Journal Article,resolved,claim_match_pending,https://pubmed.ncbi.nlm.nih.gov/28623696/,2026-09-29T21:49:35.445536+00:00,data/raw/provenance/europepmc_records.json,5218f1e85d6031eb7ecbf40a2bb76704667ef43d2acec243d01626e8edf4ecef
PMID:29706539,The Ftx Noncoding Locus Controls X Chromosome Inactivation Independently of Its RNA Products.,10.1016/j.molcel.2018.03.024,29706539,,"Research Support, Non-U.S. Gov't|Journal Article",resolved,claim_match_pending,https://pubmed.ncbi.nlm.nih.gov/29706539/,2026-09-29T21:49:35.445536+00:00,data/raw/provenance/europepmc_records.json,5218f1e85d6031eb7ecbf40a2bb76704667ef43d2acec243d01626e8edf4ecef
PMID:30689953,2-Aminothiazole Derivatives as Selective Allosteric Modulators of the Protein Kinase CK2. 1. Identification of an Allosteric Binding Site.,10.1021/acs.jmedchem.8b01766,30689953,PMC7667462,"Research Support, Non-U.S. Gov't|research-article|Journal Article|Research Support, N.I.H., Extramural",resolved,claim_match_pending,https://pubmed.ncbi.nlm.nih.gov/30689953/,2026-09-29T21:49:35.445536+00:00,data/raw/provenance/europepmc_records.json,5218f1e85d6031eb7ecbf40a2bb76704667ef43d2acec243d01626e8edf4ecef
PMID:31590212,A Comparative Study of Water Quality and Human Health Risk Assessment in Longevity Area and Adjacent Non-Longevity Area.,10.3390/ijerph16193737,31590212,PMC6801481,"Comparative Study|Research Support, Non-U.S. Gov't|research-article|Journal Article",resolved,citation_topic_mismatch,https://pubmed.ncbi.nlm.nih.gov/31590212/,2026-09-29T21:49:35.445536+00:00,data/raw/provenance/europepmc_records.json,5218f1e85d6031eb7ecbf40a2bb76704667ef43d2acec243d01626e8edf4ecef
PMID:32668584,Forcecardiography: A Novel Technique to Measure Heart Mechanical Vibrations onto the Chest Wall.,10.3390/s20143885,32668584,PMC7411775,research-article|Journal Article,resolved,citation_topic_mismatch,https://pubmed.ncbi.nlm.nih.gov/32668584/,2026-09-29T21:49:35.445536+00:00,data/raw/provenance/europepmc_records.json,5218f1e85d6031eb7ecbf40a2bb76704667ef43d2acec243d01626e8edf4ecef
PMID:35465406,IoT enabled smart bus for COVID-19.,10.1002/mop.33161,35465406,PMC9015352,research-article|Journal Article,resolved,citation_topic_mismatch,https://pubmed.ncbi.nlm.nih.gov/35465406/,2026-09-29T21:49:35.445536+00:00,data/raw/provenance/europepmc_records.json,5218f1e85d6031eb7ecbf40a2bb76704667ef43d2acec243d01626e8edf4ecef
PMID:35500588,,,,,,not_resolved,not_resolved,,2026-09-29T21:49:35.445536+00:00,data/raw/provenance/europepmc_records.json,5218f1e85d6031eb7ecbf40a2bb76704667ef43d2acec243d01626e8edf4ecef
PMID:36277180,Emerging role of transient receptor potential (TRP) ion channels in cardiac fibroblast pathophysiology.,10.3389/fphys.2022.968393,36277180,PMC9583832,review-article|Review|Journal Article,resolved,citation_topic_mismatch,https://pubmed.ncbi.nlm.nih.gov/36277180/,2026-09-29T21:49:35.445536+00:00,data/raw/provenance/europepmc_records.json,5218f1e85d6031eb7ecbf40a2bb76704667ef43d2acec243d01626e8edf4ecef
PMID:38200114,The serine synthesis pathway drives osteoclast differentiation through epigenetic regulation of NFATc1 expression.,10.1038/s42255-023-00948-y,38200114,PMC10822776,research-article|Journal Article,resolved,relevant_paper_claim_pending,https://pubmed.ncbi.nlm.nih.gov/38200114/,2026-09-29T21:49:35.445536+00:00,data/raw/provenance/europepmc_records.json,5218f1e85d6031eb7ecbf40a2bb76704667ef43d2acec243d01626e8edf4ecef
PMID:38718105,Probing white matter microstructure in youth with chronic pain and its relation to catastrophizing using neurite orientation dispersion and density imaging.,10.1097/j.pain.0000000000003269,38718105,PMC11511653,research-article|Journal Article,resolved,citation_topic_mismatch,https://pubmed.ncbi.nlm.nih.gov/38718105/,2026-09-29T21:49:35.445536+00:00,data/raw/provenance/europepmc_records.json,5218f1e85d6031eb7ecbf40a2bb76704667ef43d2acec243d01626e8edf4ecef
PMID:39120025,PRMT6 Epigenetically Drives Metabolic Switch from Fatty Acid Oxidation toward Glycolysis and Promotes Osteoclast Differentiation During Osteoporosis.,10.1002/advs.202403177,39120025,PMC11516099,"Research Support, Non-U.S. Gov't|research-article|Journal Article",resolved,relevant_paper_claim_pending,https://pubmed.ncbi.nlm.nih.gov/39120025/,2026-09-29T21:49:35.445536+00:00,data/raw/provenance/europepmc_records.json,5218f1e85d6031eb7ecbf40a2bb76704667ef43d2acec243d01626e8edf4ecef
PMID:11102447,Inhibition of osteoclast function by adenovirus expressing antisense protein-tyrosine kinase 2.,10.1074/jbc.M008368200,11102447,,Journal Article,resolved,relevant_paper_claim_pending,https://pubmed.ncbi.nlm.nih.gov/11102447/,2026-10-01T01:59:47.241769+00:00,data/raw/provenance/development_grounding_v1/pubmed_11102447.xml,f044ddbbf8419953d7d406baec799ac7823d48cb4af1311196d31443f8c9f3ab
PMID:16914530,Association of leupaxin with Src in osteoclasts.,,16914530,,"Journal Article|Research Support, N.I.H., Extramural|Research Support, Non-U.S. Gov't",resolved,relevant_paper_claim_pending,https://pubmed.ncbi.nlm.nih.gov/16914530/,,data/raw/discovery_pilot/1e684845b0064ad34585b47cbb10c90f3ba5fb8ed13b24ef0de9b1732ac5ed18.json,62bf03a3b75e6829174434c69fde394cdb5fe3d5524e2086795cd371e85b74c0
PMID:18359770,"VEGF-C, a lymphatic growth factor, is a RANKL target gene in osteoclasts that enhances osteoclastic bone resorption through an autocrine mechanism.",,18359770,,"Journal Article|Research Support, N.I.H., Extramural|research-article",resolved,relevant_paper_claim_pending,https://pubmed.ncbi.nlm.nih.gov/18359770/,,data/raw/discovery_pilot/09b787369d786b1ad1781f77dcacb9528d406d4a3aee21f6bfa3f33096dab04d.json,fc071f1125ece498d5c3a084e4c0fbe48ffe5024d3a7e9e8ad72db382467b928
PMID:18378693,Phospholipase Cgamma2 modulates integrin signaling in the osteoclast by affecting the localization and activation of Src kinase.,,18378693,,"Journal Article|Research Support, N.I.H., Extramural|Research Support, Non-U.S. Gov't|research-article",resolved,relevant_paper_claim_pending,https://pubmed.ncbi.nlm.nih.gov/18378693/,,data/raw/discovery_pilot/ac8ca8974807ee71db5afb5c26885ca51e2a83c7bfdf775dd726e8ad4cb492c1.json,4ec844ac43aa8857ea6ec04d71d80cabdcaaa04387b44924891f6f3518c8573f
PMID:19171907,"The Src family kinase, Lyn, suppresses osteoclastogenesis in vitro and in vivo.",,19171907,,"Journal Article|Research Support, N.I.H., Extramural|Research Support, Non-U.S. Gov't|research-article",resolved,relevant_paper_claim_pending,https://pubmed.ncbi.nlm.nih.gov/19171907/,,data/raw/discovery_pilot/d12ffb6b11730608d5cd17f864f31ba623e2c886dc3cd534bab2bbbe555289ac.json,bf7e8f3b47dac0bb10280f52f0a4193576bb24f3270ae879e997541bd686fb0f
PMID:19692574,Protein tyrosine phosphatase epsilon regulates integrin-mediated podosome stability in osteoclasts by activating Src.,,19692574,,"Journal Article|Research Support, Non-U.S. Gov't|research-article",resolved,relevant_paper_claim_pending,https://pubmed.ncbi.nlm.nih.gov/19692574/,,data/raw/discovery_pilot/f9ae6835bc31b36b3967dc8fa7f0036b592531e4d5c1fd36868b20bb67585ed8.json,bcc17575c75ea4e5bc4b8b8bc77594b955b6e9e2cf7c897d19e693497e436537
PMID:20439986,3BP2 adapter protein is required for receptor activator of NFkappaB ligand (RANKL)-induced osteoclast differentiation of RAW264.7 cells.,,20439986,,"Journal Article|Research Support, Non-U.S. Gov't|research-article",resolved,relevant_paper_claim_pending,https://pubmed.ncbi.nlm.nih.gov/20439986/,,data/raw/discovery_pilot/2b65bf034479f16e38c5ead71663f09345e463e9b22fccdfd7c2c1addb24270e.json,53e340290d4be69efea2a8d776a10703419de374eb10431ca3e85658bf194753
PMID:21765218,3BP2-deficient mice are osteoporotic with impaired osteoblast and osteoclast functions.,,21765218,,"Journal Article|Research Support, Non-U.S. Gov't|research-article",resolved,relevant_paper_claim_pending,https://pubmed.ncbi.nlm.nih.gov/21765218/,,data/raw/discovery_pilot/1e684845b0064ad34585b47cbb10c90f3ba5fb8ed13b24ef0de9b1732ac5ed18.json,62bf03a3b75e6829174434c69fde394cdb5fe3d5524e2086795cd371e85b74c0
PMID:25461399,"Osteoprotegerin induces podosome disassembly in osteoclasts through calcium, ERK, and p38 MAPK signaling pathways.",,25461399,,"Journal Article|Research Support, Non-U.S. Gov't",resolved,relevant_paper_claim_pending,https://pubmed.ncbi.nlm.nih.gov/25461399/,,data/raw/discovery_pilot/ed6cf23b4df7b900ca2b8c8601de2132896ff220e212a89fa091753a65621155.json,bc7f45feff2094cafe4d7abd97e45da136c88bff14019c39c3b9774f92257f6b
PMID:26094846,Alternative NF-kappaB Regulates RANKL-Induced Osteoclast Differentiation and Mitochondrial Biogenesis via Independent Mechanisms.,,26094846,,"Journal Article|Research Support, N.I.H., Extramural|Research Support, Non-U.S. Gov't|research-article",resolved,relevant_paper_claim_pending,https://pubmed.ncbi.nlm.nih.gov/26094846/,,data/raw/discovery_pilot/dd078c075227365b012136f311d697264aa904df7bc04802067e18f9f8678f71.json,38bb1de292e2be3acb65e4c9058cfd8bdbdffa1b6dc48185a8d59761e16e6eea
PMID:26629319,"Caldecrin: A pancreas-derived hypocalcemic factor, regulates osteoclast formation and function.",,26629319,,Journal Article|Review|review-article,resolved,relevant_paper_claim_pending,https://pubmed.ncbi.nlm.nih.gov/26629319/,,data/raw/discovery_pilot/7a72763bb05e3277392b142dca1a0f56377172c1307a1e8a22d2ebe2ffc9bff8.json,30c51d3bcbcfd52acbbac13234107b09bc321cfc84f7adea90867e5416df5c2f
PMID:29893999,Folliculin Regulates Osteoclastogenesis Through Metabolic Regulation.,,29893999,,"Journal Article|Research Support, Non-U.S. Gov't|research-article",resolved,relevant_paper_claim_pending,https://pubmed.ncbi.nlm.nih.gov/29893999/,,data/raw/discovery_pilot/59836dd7f43739249f6ea972b09a280e8ecb4d61422fec86b793406f0819fc71.json,103b950b0f768ca4a257ea1ff6528b3054333c997b7bb72e734aeb95cd9ec428
PMID:30622194,Phosphorylation of the phosphatase PTPROt at Tyr399 is a molecular switch that controls osteoclast activity and bone mass in vivo.,,30622194,,"Journal Article|Research Support, Non-U.S. Gov't",resolved,relevant_paper_claim_pending,https://pubmed.ncbi.nlm.nih.gov/30622194/,,data/raw/discovery_pilot/c02b6e21aac099b29c195b8db459ccc4bb9a7d8d4d2d5c7cc5e76ab5706efe92.json,b95c67e7e350f808118d9a53e26b031160418ba85d13d121c2499ca4e5dbdabb
PMID:30854478,Murine osteoclasts secrete serine protease HtrA1 capable of degrading osteoprotegerin in the bone microenvironment.,,30854478,,Journal Article|research-article,resolved,relevant_paper_claim_pending,https://pubmed.ncbi.nlm.nih.gov/30854478/,,data/raw/discovery_pilot/2d300895c56e401437cef5aa9880ad78a46d5c1a54d34f278b30ed311504df33.json,dfb914e77a03247f22fe4438611752173909a5fdb18c8bcfcd15eaffc77b0249
PMID:31243813,Bif-1/Endophilin B1/SH3GLB1 regulates bone homeostasis.,,31243813,,"Journal Article|Research Support, Non-U.S. Gov't",resolved,relevant_paper_claim_pending,https://pubmed.ncbi.nlm.nih.gov/31243813/,,data/raw/discovery_pilot/8297b19d31e0aa8c81b5f75c435f8f27f8fd4e0867b82210f4d31e905ad4ba8f.json,a022752fcd741c6217afec2252c9d0b3bcf460c3c5bdb7ae04c1e978603bdeb1
PMID:31887784,Kif1c regulates osteoclastic bone resorption as a downstream molecule of p130Cas.,,31887784,,Journal Article,resolved,relevant_paper_claim_pending,https://pubmed.ncbi.nlm.nih.gov/31887784/,,data/raw/discovery_pilot/b3a4497d4142044903c2196e4d70f9e984a47da151c6522960155081f973b979.json,7fa55d42a411941b2de71b76bf2d35e63563b26d7504efba4fb4aeef24037658
PMID:31951177,MiR-143 Inhibits Osteoclastogenesis by Targeting RANK and NF-kappaB and MAPK Signaling Pathways.,,31951177,,"Journal Article|Research Support, Non-U.S. Gov't",resolved,relevant_paper_claim_pending,https://pubmed.ncbi.nlm.nih.gov/31951177/,,data/raw/discovery_pilot/00dc3ec54e7beb6ed642e3b57bacb597ac35f206358eb7b4ccdffc62ea4cd850.json,35198731d70d6c8c603a92a22033edbfbe2487b4bf29ba3867363c09a0b87e50
PMID:33273561,Distinct roles for the hypoxia-inducible transcription factors HIF-1alpha and HIF-2alpha in human osteoclast formation and function.,,33273561,,"Journal Article|Research Support, Non-U.S. Gov't|research-article",resolved,relevant_paper_claim_pending,https://pubmed.ncbi.nlm.nih.gov/33273561/,,data/raw/discovery_pilot/3087dcc713d80dd6e2a00de8cee5c5907c2bfb3d0bba7c18a6364f338fd8302c.json,beff41579576f250db30859c9f20267b3f1faea9ba17832cb465be87fda55a11
PMID:34668226,SLC4A2 Deficiency Causes a New Type of Osteopetrosis.,,34668226,,"Case Reports|Journal Article|Research Support, Non-U.S. Gov't",resolved,relevant_paper_claim_pending,https://pubmed.ncbi.nlm.nih.gov/34668226/,,data/raw/discovery_pilot/cc9e1ce43e8c85b7b45b86d2577225d524f70bbb506048eb7178251b841d4657.json,105bebaa7c72367facf312ca22453283840ff777e7f5b73a713dcac1cef3f8fb
PMID:35077015,Role of Lysine-Specific Demethylase 1 in Metabolically Integrating Osteoclast Differentiation and Inflammatory Bone Resorption Through Hypoxia-Inducible Factor 1alpha and E2F1.,,35077015,,"Journal Article|Research Support, N.I.H., Extramural|Research Support, Non-U.S. Gov't|research-article",resolved,relevant_paper_claim_pending,https://pubmed.ncbi.nlm.nih.gov/35077015/,,data/raw/discovery_pilot/dddf126b407b7bfc9bee06c38fa9603f8a44cde3821056cb508b82edb30516d3.json,1c629f745b88e2f1d0d2346f17695c4787ae139bbb110a1d60348dd3f55e7782
PMID:35687365,Deletion of Rheb1 in Osteocytes Leads to Osteopenia Characterized by Reduced Bone Formation and Enhanced Bone Resorption.,,35687365,,Journal Article,resolved,relevant_paper_claim_pending,https://pubmed.ncbi.nlm.nih.gov/35687365/,,data/raw/discovery_pilot/09b787369d786b1ad1781f77dcacb9528d406d4a3aee21f6bfa3f33096dab04d.json,fc071f1125ece498d5c3a084e4c0fbe48ffe5024d3a7e9e8ad72db382467b928
PMID:36331874,Fibronectin-LILRB4/gp49B interaction negatively regulates osteoclastogenesis through inhibition of RANKL-induced TRAF6/TAK1/NF-kB/MAPK signaling.,,36331874,,"Journal Article|Research Support, Non-U.S. Gov't",resolved,relevant_paper_claim_pending,https://pubmed.ncbi.nlm.nih.gov/36331874/,,data/raw/discovery_pilot/9b02a3b9472bfd6d5b866a60b300cd5780d8d34c071ecce31be2417f7f0071c2.json,62d76715a960e0f2f701c60d5ad53a3df280d858c84cf08723ea65d40d9239a9
PMID:36446758,MiR-148a deletion protects from bone loss in physiological and estrogen-deficient mice by targeting NRP1.,,36446758,,Journal Article|research-article,resolved,relevant_paper_claim_pending,https://pubmed.ncbi.nlm.nih.gov/36446758/,,data/raw/discovery_pilot/b8e5bc3f4691ff0a99b264cab45f9d4944a5cff78d4e3dcb417ea484db21341c.json,ba7e5b22352da08b7fb1efb3dc226d276c935db613e9cf817dd3696a2e2a6ee1
PMID:36563716,HIF-1alpha mediates osteoclast-induced disuse osteoporosis via cytoophidia in the femur of mice.,,36563716,,"Journal Article|Research Support, Non-U.S. Gov't",resolved,relevant_paper_claim_pending,https://pubmed.ncbi.nlm.nih.gov/36563716/,,data/raw/discovery_pilot/81322b7cccf0144e14a5872714a2c5294d43fe0c019e0cab95d876b8d0065155.json,839e7f165edcb07a7f3bdda9c1d0495da8453f1eab555a1ec9ca5564e6b9f8be
PMID:37020186,RhoA promotes osteoclastogenesis and regulates bone remodeling through mTOR-NFATc1 signaling.,,37020186,,"Journal Article|Research Support, Non-U.S. Gov't|research-article",resolved,relevant_paper_claim_pending,https://pubmed.ncbi.nlm.nih.gov/37020186/,,data/raw/discovery_pilot/1e53ae56247ecf93100261099f97ba49b545aed2d9d7d72f198bb78bf23ebd10.json,c150cf4fa8f56ff3ee7e9679a52304a577a8795411d7589b35203390fca07b1f
PMID:37142087,Acute coronavirus infection triggers a TNF-dependent osteoporotic phenotype in mice.,,37142087,,,resolved,relevant_paper_claim_pending,https://pubmed.ncbi.nlm.nih.gov/37142087/,,data/raw/discovery_pilot/09b787369d786b1ad1781f77dcacb9528d406d4a3aee21f6bfa3f33096dab04d.json,fc071f1125ece498d5c3a084e4c0fbe48ffe5024d3a7e9e8ad72db382467b928
PMID:37215988,The deubiquitinase UCHL1 negatively controls osteoclastogenesis by regulating TAZ/NFATC1 signalling.,,37215988,,"Journal Article|Research Support, Non-U.S. Gov't|research-article",resolved,relevant_paper_claim_pending,https://pubmed.ncbi.nlm.nih.gov/37215988/,,data/raw/discovery_pilot/a0755d5ecfc73f9c157504dbf7d4464d40cbcd07982e759ade8bfc3b658232b9.json,ec669de57fd350a6feeab464247fe848c4c4d5caffc556cd0a0a29d8b33a24c5
PMID:37871745,AMPKalpha1 negatively regulates osteoclastogenesis and mitigate pathological bone loss.,,37871745,,"Journal Article|Research Support, Non-U.S. Gov't|research-article",resolved,relevant_paper_claim_pending,https://pubmed.ncbi.nlm.nih.gov/37871745/,,data/raw/discovery_pilot/a8c1fd8ca7d3f475a46325d7ffe7f95e48b8712e92d8fcc0b87e636f1cd93a72.json,d6829571fbca136c6619ef2eaa15e498572fe33b2bcd4d7fac016cd8ccf0f10e
PMID:37917194,Sexual dimorphism of osteoclast reliance on mitochondrial oxidation of energy substrates in the mouse.,,37917194,,"Journal Article|Research Support, N.I.H., Extramural|research-article",resolved,relevant_paper_claim_pending,https://pubmed.ncbi.nlm.nih.gov/37917194/,,data/raw/discovery_pilot/8a53e89559dcddbaf1a6f226083335098b965038d580afde3eb822ce8c37ea17.json,5fe19283f869d03a900e7cce26db878b233136b014571223720684f03b0ebe89
PMID:38111083,CCR2 is a potential therapeutic target in peri-implantitis.,,38111083,,"Journal Article|Research Support, Non-U.S. Gov't",resolved,relevant_paper_claim_pending,https://pubmed.ncbi.nlm.nih.gov/38111083/,,data/raw/discovery_pilot/d71f32f2c560007536bf3aac1deb9da07379b0ad53d441e4c1780050cd87b23c.json,33a7894c3ce0cbdeca9074fefc7334cdf777480f667a7918cd3fb8d81107ec8e
PMID:38152410,The protective role of CD73 in periodontitis: preventing hyper-inflammatory fibroblasts and driving osteoclast energy metabolism.,,38152410,,Journal Article|research-article,resolved,relevant_paper_claim_pending,https://pubmed.ncbi.nlm.nih.gov/38152410/,,data/raw/discovery_pilot/c19387377d7ccfa7818e15603deb2e2fc9c772b15452f9bce8c7cab788a6ee1f.json,71cea960f986a1c6492ef60db57639b9deac505021eeb5b81f0d3e098fba9ecc
PMID:38252822,Dancr-BRG1 regulates Nfatc1 transcription and Pgc1beta-dependent metabolic shifts in osteoclastogenesis.,,38252822,,Journal Article|research-article,resolved,relevant_paper_claim_pending,https://pubmed.ncbi.nlm.nih.gov/38252822/,,data/raw/discovery_pilot/20b7ee1b9d5ce6ec468aa6a263e7faf53c06bdff13dd3a56cfb049a5713f3409.json,ab68b9fc44213e624d5ad74ad455fdefbd9b064a4c5084174fe0d79f1ef94d9f
PMID:38311303,S-nitrosoglutathione reductase-dependent p65 denitrosation promotes osteoclastogenesis by facilitating recruitment of p65 to NFATc1 promoter.,,38311303,,"Journal Article|Research Support, Non-U.S. Gov't",resolved,relevant_paper_claim_pending,https://pubmed.ncbi.nlm.nih.gov/38311303/,,data/raw/discovery_pilot/ae9d4106bbd4e87afe7a348e51cc8c70e90fddd46f19fdd1d3efe34f60873dd4.json,051c95d5aa2ec134d7aa57dc469cf278254c780858403793bac8feb6853630fa
PMID:38441141,Nlrp3 inflammasome drives regulatory T cell depletion to accelerate periapical bone erosion.,,38441141,,"Journal Article|Research Support, Non-U.S. Gov't",resolved,relevant_paper_claim_pending,https://pubmed.ncbi.nlm.nih.gov/38441141/,,data/raw/discovery_pilot/8fffb2b9463f10aef8d2c9955750c261188e924a17bc9230d35aaac933d2d299.json,7dfc03db5376627f911ef33fb6525c607b0edad96807dc4f18eb127d12f663b3
PMID:38505527,"Mer tyrosine kinase regulates bone metabolism, and its deficiency partially ameliorates periodontitis- and ovariectomy-induced bone loss in mice.",,38505527,,Journal Article|research-article,resolved,relevant_paper_claim_pending,https://pubmed.ncbi.nlm.nih.gov/38505527/,,data/raw/discovery_pilot/25c4beeef8203f07a7411cf0df43fe522a35f88dcb9a58c99159893ff21c5838.json,e5e0b04353dbc229e8c67fdbc5c9d1a2d1d7bef5133f67766fee33fc7611a297
PMID:38655781,Cortactin controls bone homeostasis through regulating the differentiation of osteoblasts and osteoclasts.,,38655781,,"Journal Article|Research Support, Non-U.S. Gov't",resolved,relevant_paper_claim_pending,https://pubmed.ncbi.nlm.nih.gov/38655781/,,data/raw/discovery_pilot/14ccc91ef2abd0696d4ff8c6d658f8004bcc1c0b642f646b652a6c5d50776805.json,d6bd489f4177c86d3eaaf30ec0c2778f816021df5ff54b5ba524d4d241bf440b
PMID:39744622,Myeloid-specific deletion of autotaxin inhibits rheumatoid arthritis and osteoclastogenesis.,,39744622,,"Journal Article|Research Support, N.I.H., Extramural|Research Support, Non-U.S. Gov't|research-article",resolved,relevant_paper_claim_pending,https://pubmed.ncbi.nlm.nih.gov/39744622/,,data/raw/discovery_pilot/27964d0cb4a781f8b0815bce608fff4b16fd89d207ee85144399af2bce1c6f8d.json,0ea7a18afdaaec36fc8908e406991d9cf656c37eef0ea78ae7d03c957b649e71
PMID:40102423,Bone marrow adipogenic lineage precursors are the major regulator of bone resorption in adult mice.,,40102423,,Journal Article|research-article,resolved,relevant_paper_claim_pending,https://pubmed.ncbi.nlm.nih.gov/40102423/,,data/raw/discovery_pilot/b850aa2dbae7b6be46dcf861009ca4a0daa6e13a7187fa7b5cc44712e98efa08.json,47f5188fbb9634ea3ca86dd84f8ef73304de0e16bf406004614f7fc4f2bce132
PMID:40355125,Impact of elevated sclerostin levels on bone resorption : unravelling structural changes and mineral metabolism disruption.,,40355125,,Journal Article|research-article,resolved,relevant_paper_claim_pending,https://pubmed.ncbi.nlm.nih.gov/40355125/,,data/raw/discovery_pilot/59836dd7f43739249f6ea972b09a280e8ecb4d61422fec86b793406f0819fc71.json,103b950b0f768ca4a257ea1ff6528b3054333c997b7bb72e734aeb95cd9ec428
PMID:40585986,OTUD1 inhibits osteoclast differentiation and osteoclastic bone loss through deubiquitinating and stabilizing PRDX1.,,40585986,,Journal Article|research-article,resolved,relevant_paper_claim_pending,https://pubmed.ncbi.nlm.nih.gov/40585986/,,data/raw/discovery_pilot/90df1137bc04b2acbb36631f4ac798a9b745a4c2be4169ce07f3d2c3a14dfc13.json,10b09638f184ec6fcc53f76098cbfd17ad3ee5efb5031e7abad322cc20b25996
PMID:40698069,Chk2 deletion rescues bone loss and cellular senescence induced by Bmi1 deficiency via regulation of Cyp1a1.,,40698069,,Journal Article|research-article,resolved,relevant_paper_claim_pending,https://pubmed.ncbi.nlm.nih.gov/40698069/,,data/raw/discovery_pilot/a0755d5ecfc73f9c157504dbf7d4464d40cbcd07982e759ade8bfc3b658232b9.json,ec669de57fd350a6feeab464247fe848c4c4d5caffc556cd0a0a29d8b33a24c5
PMID:40860346,Fracture-Induced Immunological Cascades Trigger Rapid Systemic Bone Loss via Osteocyte-Regulated Osteoclastogenesis.,,40860346,,Journal Article|research-article,resolved,relevant_paper_claim_pending,https://pubmed.ncbi.nlm.nih.gov/40860346/,,data/raw/discovery_pilot/97499ef08cad6a76203859380707184171123f535111116527ebd8772528b7d4.json,e604af0041e521b547b721373be06e35fbe7e67720a3b0dc1024bfd09140fb4b
PMID:40919497,Imbalance of Bone Homeostasis Caused by Nrf2 Deficiency Leads to Bone Loss in OVX Rats.,,40919497,,Journal Article|research-article,resolved,relevant_paper_claim_pending,https://pubmed.ncbi.nlm.nih.gov/40919497/,,data/raw/discovery_pilot/37b97c08b4c22c271bad79b4703f7bddd3fa3f6827337c381a007d9386722f3c.json,bd71877b9cd40fa9eb601d2694ddea856856fb3b089c995f0911b627be6746c8
PMID:41457534,MKRN1 Regulates RANKL-Induced Differentiation Via Akt and AMPK Pathways.,,41457534,,"Journal Article|Research Support, Non-U.S. Gov't",resolved,relevant_paper_claim_pending,https://pubmed.ncbi.nlm.nih.gov/41457534/,,data/raw/discovery_pilot/7cdc46edbd4158f520d699e54eccf22a167c109eac9ed73ddc2d7e274942f4bd.json,6a186ea83958996a38090b8e424c609bc5575fd7526f43541308bcc55326313b
PMID:41814829,[Mechanistic study on alleviation of bone erosion in CIA mice by Scutellariae Radix-Gardeniae Fructus drug pair via regulation of SphK1-mediated glycolysis].,,41814829,,English Abstract|Journal Article,resolved,relevant_paper_claim_pending,https://pubmed.ncbi.nlm.nih.gov/41814829/,,data/raw/discovery_pilot/59836dd7f43739249f6ea972b09a280e8ecb4d61422fec86b793406f0819fc71.json,103b950b0f768ca4a257ea1ff6528b3054333c997b7bb72e734aeb95cd9ec428
PMID:42454799,Inhibition of membrane RANKL production in osteoblasts mediates curcumin-inhibited osteoclastogenesis.,,42454799,,Journal Article|research-article,resolved,relevant_paper_claim_pending,https://pubmed.ncbi.nlm.nih.gov/42454799/,,data/raw/discovery_pilot/b50768ab143a3f94e89da9415958dcb043ecefd148756b1e9d1ec74df05d454a.json,0bdda65f195d869708abc22e62914e8b4ff8a34e9b0c463581e292ec07b1ff07
PMID:42458258,TLR4-dependent upregulation of IL-22-producing T cells in the bone niche links to the imbalance of bone homeostasis.,,42458258,,Journal Article,resolved,relevant_paper_claim_pending,https://pubmed.ncbi.nlm.nih.gov/42458258/,,data/raw/discovery_pilot/8b4b47b60f405e5357895e5f806122099c1cc8e2da3913858e9eb631c1f64234.json,0d4cf419bb1c5e88c9e6e4f7fab50808d4ecc32cacbd8c39e3b556540e4b2cbe
PMID:42544556,RARRES2 deficiency inhibits postmenopausal osteoporosis by promoting ferroptosis-mediated osteoclast differentiation via Nrf2/GPX4 axis inhibition.,,42544556,,Journal Article,resolved,relevant_paper_claim_pending,https://pubmed.ncbi.nlm.nih.gov/42544556/,,data/raw/discovery_pilot/be9c271642d2bb523cb548352ed7dacf3bf3f223ff3dcf87e60eec964e5687a7.json,7e0b0592a00ad6be60ce80410b830f61cff245758c696072dd087f8c2ec8dd92
PMID:42565472,Osteoclast-lineage Indian hedgehog sustains RANKL-induced osteoclastogenesis and bone resorption via the JNK/c-Fos/NFATc1 axis during postnatal bone remodeling.,,42565472,,Journal Article,resolved,relevant_paper_claim_pending,https://pubmed.ncbi.nlm.nih.gov/42565472/,,data/raw/discovery_pilot/8ffa545a737d383f6b79b6a5b8a28689db9a23b46c3171205c20a85015b9ef0b.json,0943aba2f82e5dc2b107b9ce0b15ccef164150adf37d8646258537147372e167
PMID:42611774,N6-Methyladenosine Modification of Rab27A Promotes Osteoporosis by Influencing Osteoclast Differentiation in the Ovariectomized Mouse Model.,,42611774,,"Journal Article|Research Support, Non-U.S. Gov't|Video-Audio Media",resolved,relevant_paper_claim_pending,https://pubmed.ncbi.nlm.nih.gov/42611774/,,data/raw/discovery_pilot/83fb2f45a75d51634c0fc8d1b345b63d3bdbfc2b87bab0060dab47c42087a775.json,f29491a0d3ad855b686d68be2ec536039f2a565e85720ea2c617cc1c3812a3a8
PMID:42705403,Palmitoylethanolamine alleviates osteoclast activation and reduces bone loss in osteoporosis by regulating mitochondrial function.,,42705403,,Journal Article,resolved,relevant_paper_claim_pending,https://pubmed.ncbi.nlm.nih.gov/42705403/,,data/raw/discovery_pilot/e4333e16b1bd59378194959e6599bdd697aff6b4961d43b91d3a0e4a4f42c4b7.json,7dabb341cece0bb3871e97c5023c861d1aa2bab30923b39ced8c703c8271276a
PMID:42728346,Tumor-derived CTHRC1 mediates ITGB3-dependent osteoclast differentiation to promote prostate cancer bone metastasis.,,42728346,,Journal Article,resolved,relevant_paper_claim_pending,https://pubmed.ncbi.nlm.nih.gov/42728346/,,data/raw/discovery_pilot/0ec195e5bbfc1b4df58b2493256421274e0ed2f4a92330dad35dc93454147745.json,b696a37ba8e50d5c6b00587621e8ef4c420b9ae99004e98c4fb15367a7e8958c
PMID:16627750,Inhibition of protein kinase c-Src reduces the incidence of breast cancer metastases and increases survival in mice: implications for therapy.,,16627750,,"Comparative Study|Journal Article|Research Support, Non-U.S. Gov't",resolved,relevant_paper_claim_pending,https://pubmed.ncbi.nlm.nih.gov/16627750/,,data/raw/discovery_pilot/770e57860628fe5dcca235427ac177f3eeeba72ee2c548f0577d74fdb5d6ea7a.json,80e40521f9b03140746a53ef11c0eac729b783c22a385ea836ce386db606a994
PMID:20225239,Src-like adaptor protein regulates osteoclast generation and survival.,,20225239,,"Journal Article|Research Support, N.I.H., Extramural|Research Support, Non-U.S. Gov't|research-article",resolved,relevant_paper_claim_pending,https://pubmed.ncbi.nlm.nih.gov/20225239/,,data/raw/discovery_pilot/c38df149636a31104720aa66a79dad49cf76269705cad45d3e7dc93e554ce873.json,436c79ad2dc23b5abfc273254dda473346072bd37a3a0b61d0bb74fc78c2cbc1
PMID:25381250,Adaptor protein GRB2 promotes Src tyrosine kinase activation and podosomal organization by protein-tyrosine phosphatase epsilon in osteoclasts.,,25381250,,"Journal Article|Research Support, Non-U.S. Gov't|research-article",resolved,relevant_paper_claim_pending,https://pubmed.ncbi.nlm.nih.gov/25381250/,,data/raw/discovery_pilot/d71f32f2c560007536bf3aac1deb9da07379b0ad53d441e4c1780050cd87b23c.json,33a7894c3ce0cbdeca9074fefc7334cdf777480f667a7918cd3fb8d81107ec8e
PMID:29158294,"The Actin-Binding Protein PPP1r18 Regulates Maturation, Actin Organization, and Bone Resorption Activity of Osteoclasts.",,29158294,,"Journal Article|Research Support, N.I.H., Extramural|Research Support, Non-U.S. Gov't|research-article",resolved,relevant_paper_claim_pending,https://pubmed.ncbi.nlm.nih.gov/29158294/,,data/raw/discovery_pilot/9b02a3b9472bfd6d5b866a60b300cd5780d8d34c071ecce31be2417f7f0071c2.json,62d76715a960e0f2f701c60d5ad53a3df280d858c84cf08723ea65d40d9239a9
PMID:30692521,TRAIL inhibits RANK signaling and suppresses osteoclast activation via inhibiting lipid raft assembly and TRAF6 recruitment.,,30692521,,"Journal Article|Research Support, Non-U.S. Gov't|research-article",resolved,relevant_paper_claim_pending,https://pubmed.ncbi.nlm.nih.gov/30692521/,,data/raw/discovery_pilot/ed6cf23b4df7b900ca2b8c8601de2132896ff220e212a89fa091753a65621155.json,bc7f45feff2094cafe4d7abd97e45da136c88bff14019c39c3b9774f92257f6b
PMID:31400545,Regulation of osteoclast function via Rho-Pkn3-c-Src pathways.,,31400545,,"Journal Article|Research Support, Non-U.S. Gov't|Review",resolved,relevant_paper_claim_pending,https://pubmed.ncbi.nlm.nih.gov/31400545/,,data/raw/discovery_pilot/e4333e16b1bd59378194959e6599bdd697aff6b4961d43b91d3a0e4a4f42c4b7.json,7dabb341cece0bb3871e97c5023c861d1aa2bab30923b39ced8c703c8271276a
PMID:33125772,PDK2 Deficiency Prevents Ovariectomy-Induced Bone Loss in Mice by Regulating the RANKL-NFATc1 Pathway During Osteoclastogenesis.,,33125772,,"Journal Article|Research Support, Non-U.S. Gov't",resolved,relevant_paper_claim_pending,https://pubmed.ncbi.nlm.nih.gov/33125772/,,data/raw/discovery_pilot/1c7b96817a6cc105eafea458755c3145620f072c75f9dd8ae01134c611b36248.json,62ac085c8cda19176b1c2416888829245afa760f5ea40faecc201367b133c456
PMID:33536903,Myostatin Promotes Osteoclastogenesis by Regulating Ccdc50 Gene Expression and RANKL-Induced NF-kappaB and MAPK Pathways.,,33536903,,Journal Article|research-article,resolved,relevant_paper_claim_pending,https://pubmed.ncbi.nlm.nih.gov/33536903/,,data/raw/discovery_pilot/7cdc46edbd4158f520d699e54eccf22a167c109eac9ed73ddc2d7e274942f4bd.json,6a186ea83958996a38090b8e424c609bc5575fd7526f43541308bcc55326313b
PMID:33777947,Inhibiting Monoacylglycerol Lipase Suppresses RANKL-Induced Osteoclastogenesis and Alleviates Ovariectomy-Induced Bone Loss.,,33777947,,Journal Article|research-article,resolved,relevant_paper_claim_pending,https://pubmed.ncbi.nlm.nih.gov/33777947/,,data/raw/discovery_pilot/ff4ecbd94ba76197c7e24e3482ee3a3e89d3a1bda02c67bca22eedcd471354e9.json,ac377212691c6f809a4ccd4f89a3dbef61f7a02bd90452c828219c0073cbf000
PMID:34404802,ELMO1 signaling is a promoter of osteoclast function and bone loss.,,34404802,,"Journal Article|Research Support, N.I.H., Extramural|Research Support, Non-U.S. Gov't|research-article",resolved,relevant_paper_claim_pending,https://pubmed.ncbi.nlm.nih.gov/34404802/,,data/raw/discovery_pilot/b3a4497d4142044903c2196e4d70f9e984a47da151c6522960155081f973b979.json,7fa55d42a411941b2de71b76bf2d35e63563b26d7504efba4fb4aeef24037658
PMID:34436220,Purification and Biological Function of Caldecrin.,,34436220,,Journal Article|Review|review-article,resolved,relevant_paper_claim_pending,https://pubmed.ncbi.nlm.nih.gov/34436220/,,data/raw/discovery_pilot/fea2ddec74aab37956d89c9001cda0bd80967487933b73ab056b8181f4c2267f.json,bdbad4b98a9547a3f0521865cc5d7601e257d5a3804a664ce40be8caeacf4a0a
PMID:35255774,TET2 regulates osteoclastogenesis by modulating autophagy in OVX-induced bone loss.,,35255774,,"Journal Article|Research Support, Non-U.S. Gov't|research-article",resolved,relevant_paper_claim_pending,https://pubmed.ncbi.nlm.nih.gov/35255774/,,data/raw/discovery_pilot/06b9e2594fd9b2f5630d0c890adb9af84919742b77c66024c73761d7f06768c3.json,2f9c71bd7e089408d6e06bdae068a5d1848ffabb38f0befed13cb21eeb2e8bcd
PMID:35983582,Ncor1 Deficiency Promotes Osteoclastogenesis and Exacerbates Periodontitis.,,35983582,,"Journal Article|Research Support, Non-U.S. Gov't",resolved,relevant_paper_claim_pending,https://pubmed.ncbi.nlm.nih.gov/35983582/,,data/raw/discovery_pilot/8e1def3130641bad56e784946cdb6038e4ff94601ff11d00e5f5030e3a76fe54.json,06928d6688b05a562d4d1f95fda3ebcd7a3412f8a04af56375ebf523028e9def
PMID:38203808,Atp6v1h Deficiency Blocks Bone Loss in Simulated Microgravity Mice through the Fos-Jun-Src-Integrin Pathway.,,38203808,,Journal Article|research-article,resolved,relevant_paper_claim_pending,https://pubmed.ncbi.nlm.nih.gov/38203808/,,data/raw/discovery_pilot/70ba3ff49b17f96f80a2c7152fe31e1ee52ec908044a6cea919bb07557e9bfd5.json,bc7c9c33e2aba8029473617cb8816cb855a5f755e68704be1e77071aafcaf03d
PMID:38346941,Histone demethylase KDM7A regulates bone homeostasis through balancing osteoblast and osteoclast differentiation.,,38346941,,"Journal Article|Research Support, Non-U.S. Gov't|research-article",resolved,relevant_paper_claim_pending,https://pubmed.ncbi.nlm.nih.gov/38346941/,,data/raw/discovery_pilot/75c3c236bfbdb92475ba7c52994ad4234b60139e4f6f53c31b2cfb8c9ac52c1f.json,cc70c2e1382ab623837c69542f6e72200400f412f7dd19eeef049f5098c5672f
PMID:38402724,The stiffness and collagen control differentiation of osteoclasts with an altered expression of c-Src in podosome.,,38402724,,"Journal Article|Research Support, Non-U.S. Gov't",resolved,relevant_paper_claim_pending,https://pubmed.ncbi.nlm.nih.gov/38402724/,,data/raw/discovery_pilot/18f738a56cf60e84f1a3a5a91e00b20c7e027d57e25d4a694993014ee08830fa.json,7a596081e673d8d9b4e9fe0f1874ed478e895da39e8e13c42d6721a9af2d4bd0
PMID:38749090,Ctdnep1 phosphatase is required for negative regulation of RANKL-induced osteoclast differentiation in RAW264.7 cells.,,38749090,,"Journal Article|Research Support, Non-U.S. Gov't",resolved,relevant_paper_claim_pending,https://pubmed.ncbi.nlm.nih.gov/38749090/,,data/raw/discovery_pilot/08033b90e0dd66bf697cd4a0d768f31cf9e331b0c1adbf931db2e1b5637cbeb1.json,0513aada2eff83dfad6809e1fd1014a76944cc770065d66b0cff999916a8606b
PMID:38889511,Toll-like receptor 4 deficiency affects the balance of osteoclastogenesis and osteoblastogenesis in periodontitis.,,38889511,,Journal Article,resolved,relevant_paper_claim_pending,https://pubmed.ncbi.nlm.nih.gov/38889511/,,data/raw/discovery_pilot/b9c5569810377a1d3d3a0e29822ee00793efac43ffe930a3f7d8d8f28792d1dd.json,fbba507503c63d10769f75a98c5596fda4ef7207a637840d231ef6d4dec9a2b2
PMID:38959733,Impdh2 deficiency suppresses osteoclastogenesis through mitochondrial oxidative phosphorylation and alleviates ovariectomy-induced osteoporosis.,,38959733,,"Journal Article|Research Support, Non-U.S. Gov't",resolved,relevant_paper_claim_pending,https://pubmed.ncbi.nlm.nih.gov/38959733/,,data/raw/discovery_pilot/7787cb40769806141979be242601940ccfb00d315c5bd5c87c06486d83baa910.json,779eee8af34e03f6c5d135383f1f4928baf34f40820899e911b29fb220424c15
PMID:39695463,Alleviating role of ketamine in breast cancer cell-induced osteoclastogenesis and tumor bone metastasis-induced bone cancer pain through an SRC/EGR1/CST6 axis.,,39695463,,Journal Article|research-article,resolved,relevant_paper_claim_pending,https://pubmed.ncbi.nlm.nih.gov/39695463/,,data/raw/discovery_pilot/ae9d4106bbd4e87afe7a348e51cc8c70e90fddd46f19fdd1d3efe34f60873dd4.json,051c95d5aa2ec134d7aa57dc469cf278254c780858403793bac8feb6853630fa
PMID:39895866,The Vitamin D-Sirt1/PGC1alpha Axis Regulates Bone Metabolism and Counteracts Osteoporosis.,,39895866,,Journal Article|research-article,resolved,relevant_paper_claim_pending,https://pubmed.ncbi.nlm.nih.gov/39895866/,,data/raw/discovery_pilot/d0c71a0af5c7de70167f80567c8ae66ac973a9251afeee77b2627030f58473c6.json,faffe359961db59bbe34fc7459d6aa04a84cc40db462fbbec04b9f6f0adc67d8
PMID:40081616,Pharmacologically targeting fatty acid synthase-mediated de novo lipogenesis alleviates osteolytic bone loss by directly inhibiting osteoclastogenesis through suppression of STAT3 palmitoylation and ROS signaling.,,40081616,,"Journal Article|Research Support, Non-U.S. Gov't",resolved,relevant_paper_claim_pending,https://pubmed.ncbi.nlm.nih.gov/40081616/,,data/raw/discovery_pilot/bba1180e7402f176c0df1046846368907f415ccdff6b39a7b2827db1e28cdc0e.json,a1d077c28e05ba295753338f5fc942ea0f88a27abbbc844378d086aa15e7aeb0
PMID:40267773,RANKL promotes MT2 degradation and ROS production in osteoclast precursors through Beclin1-dependent autophagy.,,40267773,,"Journal Article|Research Support, Non-U.S. Gov't",resolved,relevant_paper_claim_pending,https://pubmed.ncbi.nlm.nih.gov/40267773/,,data/raw/discovery_pilot/8abd32271d47fe61fa1382056c73251278e173093fbb6395011ea9bd02086a1b.json,3e8f77f62d2f406784c979f4831d69877e2a52519dfa416915f8642a6f00f67c
PMID:40408943,"Brevilin A, a novel BNIP3 inhibitor suppresses osteoclastogenesis and prevents ovariectomy-induced bone loss via impairing mitophagy and mitochondrial metabolism.",,40408943,,Journal Article,resolved,relevant_paper_claim_pending,https://pubmed.ncbi.nlm.nih.gov/40408943/,,data/raw/discovery_pilot/8612eaf9e55ec262d5c3993619d6007da9a641c1a45cecfdbbf2001d4855961d.json,5671dfe97b40ea714f3c87ef8a5c37ae4f6132e9a80cfc01531390a23193222d
PMID:40602229,Activation of ERK/MAPK signaling by MAZ through transcriptional repression of PPP3CA to promote osteoclastogenesis and osteoporosis progression: Functions and mechanisms.,,40602229,,Journal Article,resolved,relevant_paper_claim_pending,https://pubmed.ncbi.nlm.nih.gov/40602229/,,data/raw/discovery_pilot/19f93d015e325763918d3ef0d12c45932e21ef222530e01386392194418777d4.json,2e3465fabe40b719f483347724d1d6a7e088544779c95ab091fa34fff2330819
PMID:40652104,CX3CL1 promotes M1 macrophage polarization and osteoclast differentiation via NSUN5-mediated m5C modification.,,40652104,,Journal Article|research-article,resolved,relevant_paper_claim_pending,https://pubmed.ncbi.nlm.nih.gov/40652104/,,data/raw/discovery_pilot/88f218e5856c1962b26de4b8fa9b9d6cf2a7a2856d32b114b8e3d12e1538dced.json,f3e6f83fa1c58f14611500f7bb83c2f330b2d4e77e299bf13ec6104c0535bbbe
PMID:41448005,USP7 deletion promotes osteoclastogenesis via stimulating NF-kappaB and attenuating Nrf2/HO-1 signaling pathway.,,41448005,,Journal Article,resolved,relevant_paper_claim_pending,https://pubmed.ncbi.nlm.nih.gov/41448005/,,data/raw/discovery_pilot/4498da25aed694505d4725c81a096919f70f1bcdc95f37cd1f83c9972b77dffa.json,f1a3c8075c009e50f5a26181dcd5aa1ab3a8e47de446ce167b570273d3c6f226
PMID:41639517,LncRNA-Gm5532 deficiency alleviates bone resorption by inhibiting mitochondrial respiration through iASPP/NRF2.,,41639517,,"Journal Article|Research Support, Non-U.S. Gov't|research-article",resolved,relevant_paper_claim_pending,https://pubmed.ncbi.nlm.nih.gov/41639517/,,data/raw/discovery_pilot/077b7195a616a13aeda4ce8e3d198d2ccc86df514882dc1e5b102b6e44f65e47.json,1d1626f1465b9056e7281aa68b8890cdcb85bd44210d3ba58e9c72d109c40d6e
PMID:41927522,LincRNA-EPS alleviates osteoclastogenesis under inflammatory microenvironment through preventing excessive iron metabolism.,,41927522,,Journal Article|research-article,resolved,relevant_paper_claim_pending,https://pubmed.ncbi.nlm.nih.gov/41927522/,,data/raw/discovery_pilot/5bd0d5e452cc2f3f358f163f963f077254a1ff0207d3194920af8683a732e043.json,3267eba3bd1f48eb959e12a3973715664634d95a4cba9fc3e1f6a36580d01d51
PMID:42055104,PDK4 knockdown suppresses osteoclast differentiation in osteoporosis through glycolytic flux suppression and AMPK activation.,,42055104,,Journal Article,resolved,relevant_paper_claim_pending,https://pubmed.ncbi.nlm.nih.gov/42055104/,,data/raw/discovery_pilot/077b7195a616a13aeda4ce8e3d198d2ccc86df514882dc1e5b102b6e44f65e47.json,1d1626f1465b9056e7281aa68b8890cdcb85bd44210d3ba58e9c72d109c40d6e
PMID:42148137,Adipose tissue inflammation mediated by CCL19 overexpression exacerbates experimental periodontitis via elevated circulating saturated fatty acids and osteopontin in Western-diet-fed mice.,,42148137,,Journal Article|research-article,resolved,relevant_paper_claim_pending,https://pubmed.ncbi.nlm.nih.gov/42148137/,,data/raw/discovery_pilot/f66885099a4f62b54d833c6f9aca6137ee7c39d5d5affbfbc7e2a05d0f489513.json,b47ac5cfdb14faff7310edef0e46456d35815443428d2e53d38a36a59e57924f
PMID:42228211,ABCA8 drives bone loss via disrupting Th17/Treg imbalance: a novel immunometabolic target for osteoporosis.,,42228211,,Journal Article|research-article,resolved,relevant_paper_claim_pending,https://pubmed.ncbi.nlm.nih.gov/42228211/,,data/raw/discovery_pilot/5d598b2f3a2083efc27e7053fe983bb0f26c4f8381daf555a14eca8b83cb9f5d.json,036c48787bcb32dc7bb6ef7ae568d0b8387121071267d371707cb1fe51e5d0fd
PMID:42396666,Human parvovirus B19 VP1u-induced osteoclastogenesis is enhanced by RANKL in RAW264.7 macrophage cells.,,42396666,,Journal Article|research-article,resolved,relevant_paper_claim_pending,https://pubmed.ncbi.nlm.nih.gov/42396666/,,data/raw/discovery_pilot/8ffa545a737d383f6b79b6a5b8a28689db9a23b46c3171205c20a85015b9ef0b.json,0943aba2f82e5dc2b107b9ce0b15ccef164150adf37d8646258537147372e167
PMID:42695337,ACOD1-dependent succinate signalling acts as a metabolic checkpoint for osteoclast differentiation.,,42695337,,Journal Article,resolved,relevant_paper_claim_pending,https://pubmed.ncbi.nlm.nih.gov/42695337/,,data/raw/discovery_pilot/fd27617a5e963db7bb3732358db1aafaee37620c4622a9a75889b7eb8111c075.json,21ef0b80c9328c98b4a0ce5e3cf74fd1eb6e5a5350a17da358ce9b8523b0b8a5
PMID:42703627,ARID1A Mediates ROS-Induced Osteoclast Activation in TMJ Osteoarthritis.,,42703627,,Journal Article,resolved,relevant_paper_claim_pending,https://pubmed.ncbi.nlm.nih.gov/42703627/,,data/raw/discovery_pilot/fe2470b3852becc5b83aacec3ec1ee9f7c668f11a5fd0e4a385bc08328135c17.json,24264aac557461e79e5eeb81b47977df7d55958ab9a94b5ac26d755ae622e925
PMID:42717193,WDR23 prevents bone loss by promoting autophagic degradation of TRAF6 in osteoclastogenesis.,,42717193,,Journal Article|research-article,resolved,relevant_paper_claim_pending,https://pubmed.ncbi.nlm.nih.gov/42717193/,,data/raw/discovery_pilot/8c8cb570d1e7d6a749fe9eaf5deae14b49796df1031992021d771fcde4a4c010.json,a001eb57b1c9baa6abb9304c06b756333374aceec7a43cb03d459eaa045a8008
PMID:14726392,WASp deficiency in mice results in failure to form osteoclast sealing zones and defects in bone resorption.,,14726392,,"Journal Article|Research Support, Non-U.S. Gov't",resolved,relevant_paper_claim_pending,https://pubmed.ncbi.nlm.nih.gov/14726392/,,data/raw/discovery_pilot/00dc3ec54e7beb6ed642e3b57bacb597ac35f206358eb7b4ccdffc62ea4cd850.json,35198731d70d6c8c603a92a22033edbfbe2487b4bf29ba3867363c09a0b87e50
PMID:17982276,Osteoclast precursors display dynamic metabolic shifts toward accelerated glucose metabolism at an early stage of RANKL-stimulated osteoclast differentiation.,,17982276,,"Journal Article|Research Support, Non-U.S. Gov't",resolved,relevant_paper_claim_pending,https://pubmed.ncbi.nlm.nih.gov/17982276/,,data/raw/discovery_pilot/d996cbc492c8a4ca057e2b600b4a5dd3f10141a55fc09e7e871aa93dc2fec65a.json,28fbcd6993d08c750619a6f2a2e9d989ef2f31ad9dc50f13ef9ccc66332bb3d7
PMID:34416393,Loss of chemerin triggers bone remodeling in vivo and in vitro.,,34416393,,"Journal Article|Research Support, Non-U.S. Gov't|research-article",resolved,relevant_paper_claim_pending,https://pubmed.ncbi.nlm.nih.gov/34416393/,,data/raw/discovery_pilot/e1370be070d34490e3c6f84a3c2ba7e4f11c4e879f2384432b30362ead916033.json,95e85f3483043f250237f306db51ef4dec7d6272b3a3accb076852f01b7918ad
PMID:35817437,Critical roles for CCR2 and the therapeutic potential of cenicriviroc in periodontitis: A pre-clinical study.,,35817437,,"Journal Article|Research Support, Non-U.S. Gov't",resolved,relevant_paper_claim_pending,https://pubmed.ncbi.nlm.nih.gov/35817437/,,data/raw/discovery_pilot/0a5d9725e156aff5ca11b0ecad87f24117249a26b51ccc01c094f06b3acee8b2.json,4894ee8a51e7a2ae11ba3d90f88cc28add63aa8381f7ffd60a758411060549a6
PMID:37121966,Glia maturation factor beta deficiency protects against diabetic osteoporosis by suppressing osteoclast hyperactivity.,,37121966,,"Journal Article|Research Support, Non-U.S. Gov't|research-article",resolved,relevant_paper_claim_pending,https://pubmed.ncbi.nlm.nih.gov/37121966/,,data/raw/discovery_pilot/ea7f11ea57e7441539427b6b41d1d804fb50366eba1a3e3b3b6402c4d66abf7f.json,a8f5eff596f80c8547098f8d6d967170804c671c2d10f713e146a56d5a55e870
PMID:37152948,ECSIT is essential for RANKL-induced stimulation of mitochondria in osteoclasts and a target for the anti-osteoclastogenic effects of estrogens.,,37152948,,"Journal Article|Research Support, N.I.H., Extramural|Research Support, Non-U.S. Gov't|research-article",resolved,relevant_paper_claim_pending,https://pubmed.ncbi.nlm.nih.gov/37152948/,,data/raw/discovery_pilot/1c7b96817a6cc105eafea458755c3145620f072c75f9dd8ae01134c611b36248.json,62ac085c8cda19176b1c2416888829245afa760f5ea40faecc201367b133c456
PMID:38719881,Hyperthyroidism-driven bone loss depends on BMP receptor Bmpr1a expression in osteoblasts.,,38719881,,"Journal Article|Research Support, Non-U.S. Gov't|research-article",resolved,relevant_paper_claim_pending,https://pubmed.ncbi.nlm.nih.gov/38719881/,,data/raw/discovery_pilot/cff4ebf0ce540c8be0c53f68a64cb95a27d59dd91d5e416c47bd77534c57c2c0.json,60db36a11f47b9c2b390953acd5ebdc98d0afd037b375a9af534bca718d448d8
PMID:39800085,Dectin-2 depletion alleviates osteoclast-induced bone loss in periodontitis via Syk/NOX2/ROS signaling.,,39800085,,Journal Article,resolved,relevant_paper_claim_pending,https://pubmed.ncbi.nlm.nih.gov/39800085/,,data/raw/discovery_pilot/9072d0a08daa4e8f0ebeb299d2df2a1713288173142494ea6c0f405b9f0bad7e.json,6e3535a970399cf326764a80f47b030694ba2c0f7a34b01eeef17c47780e73b7
PMID:40177487,Echinococcus granulosus sensu lato promotes osteoclast differentiation through DUSP4-MAPK signaling in osseous echinococcosis.,,40177487,,Journal Article|research-article,resolved,relevant_paper_claim_pending,https://pubmed.ncbi.nlm.nih.gov/40177487/,,data/raw/discovery_pilot/9072d0a08daa4e8f0ebeb299d2df2a1713288173142494ea6c0f405b9f0bad7e.json,6e3535a970399cf326764a80f47b030694ba2c0f7a34b01eeef17c47780e73b7
PMID:40312852,Role of TRPM2 in Oxidative Stress-Mediated Bone Loss in Periodontitis.,,40312852,,Journal Article,resolved,relevant_paper_claim_pending,https://pubmed.ncbi.nlm.nih.gov/40312852/,,data/raw/discovery_pilot/ae9d4106bbd4e87afe7a348e51cc8c70e90fddd46f19fdd1d3efe34f60873dd4.json,051c95d5aa2ec134d7aa57dc469cf278254c780858403793bac8feb6853630fa
PMID:40962326,Lefty2 prevents RANKL-induced bone loss by inhibiting osteoclast differentiation.,,40962326,,Journal Article|research-article,resolved,relevant_paper_claim_pending,https://pubmed.ncbi.nlm.nih.gov/40962326/,,data/raw/discovery_pilot/770e57860628fe5dcca235427ac177f3eeeba72ee2c548f0577d74fdb5d6ea7a.json,80e40521f9b03140746a53ef11c0eac729b783c22a385ea836ce386db606a994
PMID:40971787,CARD14-Mediated MYC Interaction Promotes Osteoclastogenesis and Bone Density Reduction in Adolescent Idiopathic Scoliosis.,,40971787,,Journal Article,resolved,relevant_paper_claim_pending,https://pubmed.ncbi.nlm.nih.gov/40971787/,,data/raw/discovery_pilot/a8c1fd8ca7d3f475a46325d7ffe7f95e48b8712e92d8fcc0b87e636f1cd93a72.json,d6829571fbca136c6619ef2eaa15e498572fe33b2bcd4d7fac016cd8ccf0f10e
PMID:41175189,KAT6A regulates osteoclast differentiation and bone resorption through TET1-mediated TRPV4 expression.,,41175189,,Journal Article|research-article,resolved,relevant_paper_claim_pending,https://pubmed.ncbi.nlm.nih.gov/41175189/,,data/raw/discovery_pilot/49613958de95cfde4fd78ba6a291475b26e9693586af1b544a686ba7b39da852.json,ab31a455481ec3138a004f213e6b6d075251e57aa13cc3e57bafe4c4cc13e279
PMID:42258131,KLF6 regulates osteoclastogenesis through DUSP16 in OVX-induced bone loss.,,42258131,,Journal Article,resolved,relevant_paper_claim_pending,https://pubmed.ncbi.nlm.nih.gov/42258131/,,data/raw/discovery_pilot/3087dcc713d80dd6e2a00de8cee5c5907c2bfb3d0bba7c18a6364f338fd8302c.json,beff41579576f250db30859c9f20267b3f1faea9ba17832cb465be87fda55a11
PMID:42737778,Microbial-Derived Daidzin (Eco-3) Suppresses RANKL-Induced Osteoclastogenesis by Targeting the TBK1-NFATc1 Signaling Axis.,,42737778,,Journal Article|research-article,resolved,relevant_paper_claim_pending,https://pubmed.ncbi.nlm.nih.gov/42737778/,,data/raw/discovery_pilot/31dd14ae8024e3831d75dd82f17cf3b944852d2321b018595495905266cd4325.json,c1cf7655606b8a97598bee0e8be3060cbda084a6cea63db2610a175f8ad162f0
