claim_id,source_id,chemical_id,surface,target_node_id,target_surface,relation,sign,causal_basis,effect_level,review_status
extracted:8179d4b75786020e9cce4d93,PMID:11907706,PUBCHEM:2088,Alendronate,,vesicular trafficking,REGULATES,-1,chemical_treatment_effect,phenotype,automated_extraction
extracted:5c3cedd14e069b3f35497961,PMID:17508356,PUBCHEM:2088,alendronate,,CD44,REGULATES,-1,chemical_treatment_effect,expression,automated_extraction
extracted:daeec515bd7cce2e3c6b0735,PMID:17508356,PUBCHEM:2088,alendronate,,MMP-9,REGULATES,-1,chemical_treatment_effect,activity,automated_extraction
extracted:0d29e7b8f130ac1a43afea35,PMID:19092851,PUBCHEM:3062316,dasatinib,PATHWAY:OSTEOCLAST_DIFFERENTIATION,osteoclastogenesis,REGULATES,-1,chemical_treatment_effect,phenotype,automated_extraction
extracted:b99f2af126f5b02d76e1086b,PMID:19350555,PUBCHEM:2088,alendronate,,Src,REGULATES,0,chemical_treatment_effect,activity,automated_extraction
extracted:edd60dee147c095b4b96aaee,PMID:19855158,PUBCHEM:3062316,Dasatinib,,osteoclast activation and prostate cancer PC-3-cell-induced osteoclast formation,REGULATES,-1,chemical_treatment_effect,phenotype,automated_extraction
extracted:e8674a1b8f7bbe5089daa775,PMID:20225261,PUBCHEM:3062316,dasatinib,,trabecular volume,REGULATES,1,chemical_treatment_effect,phenotype,automated_extraction
extracted:3b14bf945862013f6ef5d508,PMID:20226597,PUBCHEM:3062316,Dasatinib,,osteoclasts,REGULATES,-1,chemical_treatment_effect,activity,automated_extraction
extracted:5fd6331948a562c83fe94387,PMID:20484016,PUBCHEM:10302451,saracatinib,LOCAL:protein:mouse:SRC,Src,REGULATES,0,chemical_treatment_effect,activity,automated_extraction
extracted:d221f2a1642c2ae4407d0b31,PMID:20484016,PUBCHEM:10302451,saracatinib,,RANKL-induced osteoclastogenesis and signaling,REGULATES,-1,chemical_treatment_effect,phenotype,automated_extraction
extracted:c22aeb4700499e982d2175e1,PMID:20565769,PUBCHEM:3062316,dasatinib,,ALP,REGULATES,1,chemical_treatment_effect,activity,automated_extraction
extracted:eec76a1e4d7f5a0def53c6ed,PMID:20650888,PUBCHEM:2088,alendronate,,sealing ring formation,REGULATES,-1,chemical_treatment_effect,phenotype,automated_extraction
extracted:6f6d482c68aee54ff348cccd,PMID:22245630,PUBCHEM:10302451,saracatinib,,bone resorption markers,REGULATES,-1,chemical_treatment_effect,phenotype,automated_extraction
extracted:780e1fd54fc015dcefc6ad17,PMID:22387094,PUBCHEM:64981,arctigenin,PATHWAY:OSTEOCLAST_DIFFERENTIATION,osteoclast differentiation,REGULATES,-1,chemical_treatment_effect,phenotype,automated_extraction
extracted:c56554a86fb2c5a4ab53bc95,PMID:22387094,PUBCHEM:64981,arctigenin,,Erk1/2,REGULATES,0,chemical_treatment_effect,activity,automated_extraction
extracted:cb81ee9e7eed529be10013de,PMID:22387094,PUBCHEM:64981,arctigenin,LOCAL:protein:mouse:SYK,Syk,REGULATES,-1,chemical_treatment_effect,activity,automated_extraction
extracted:fdc37c8a47cb5e8066b4a9de,PMID:22387094,PUBCHEM:64981,arctigenin,PATHWAY:OSTEOCLAST_DIFFERENTIATION,osteoclast differentiation,REGULATES,-1,chemical_treatment_effect,phenotype,automated_extraction
extracted:5348d63c46b3fa510e43d706,PMID:23661628,PUBCHEM:5793,glucose,,bone-resorbing function of osteoclasts,REGULATES,-1,chemical_treatment_effect,phenotype,automated_extraction
extracted:000be4c208f5f2bcfe4cb63d,PMID:24524902,PUBCHEM:5281614,fisetin,PATHWAY:F_ACTIN_SEALING_ZONE,actin ring formation,REGULATES,-1,chemical_treatment_effect,phenotype,automated_extraction
extracted:307843df0ac260f3d1099897,PMID:24524902,PUBCHEM:5281614,fisetin,,osteoclast bone-resorbing activity,REGULATES,-1,chemical_treatment_effect,phenotype,automated_extraction
extracted:3c1bb12725b989d99e4b506f,PMID:24524902,PUBCHEM:5281614,fisetin,LOCAL:protein:mouse:TNFRSF11A,RANK,REGULATES,-1,chemical_treatment_effect,expression,automated_extraction
extracted:81438ac0450fb297d5a30480,PMID:24524902,PUBCHEM:5281614,fisetin,,E-cadherin,REGULATES,-1,chemical_treatment_effect,expression,automated_extraction
extracted:0066c457d1d7b78ba88a0f25,PMID:24854571,PUBCHEM:5281807,puerarin,,osteoprotegerin,REGULATES,1,chemical_treatment_effect,expression,automated_extraction
extracted:b89aeaf4a75be58c94be4b7c,PMID:25125336,PUBCHEM:68740,zoledronic acid,,cortical destruction,REGULATES,-1,chemical_treatment_effect,phenotype,automated_extraction
extracted:23c45374fdb50104ba0d19b0,PMID:25834823,PUBCHEM:4788,phloretin,,gelsolin,REGULATES,-1,chemical_treatment_effect,expression,automated_extraction
extracted:ac6425ba77eabb3c17529b71,PMID:25834823,PUBCHEM:4788,Phloretin,,actin podosomes,REGULATES,-1,chemical_treatment_effect,phenotype,automated_extraction
extracted:f34974f1fd5ad6e743d3b918,PMID:25834823,PUBCHEM:4788,phloretin,,vinculin,REGULATES,-1,chemical_treatment_effect,expression,automated_extraction
extracted:d581d72a60df9b4878a63714,PMID:25969354,PUBCHEM:68740,zoledronate,,c-src,REGULATES,-1,chemical_treatment_effect,expression,automated_extraction
extracted:536e9c4f33b111bdc1ce3a8a,PMID:26209605,PUBCHEM:176873,cilengitide,,osteoclast maturation,REGULATES,-1,chemical_treatment_effect,phenotype,automated_extraction
extracted:912c9f360aebf84669868fa0,PMID:26209605,PUBCHEM:176873,cilengitide,,"cell spreading, cell migration and cell adhesion",REGULATES,-1,chemical_treatment_effect,phenotype,automated_extraction
extracted:ab88d9acfcc9ea2c259d6c56,PMID:26209605,PUBCHEM:176873,cilengitide,,c-Src,REGULATES,-1,chemical_treatment_effect,activity,automated_extraction
extracted:cdb95f93049631ba77e51f29,PMID:26209605,PUBCHEM:176873,cilengitide,,FAK,REGULATES,-1,chemical_treatment_effect,activity,automated_extraction
extracted:9a0191e0627c290f2800cb1c,PMID:27094550,PUBCHEM:10302451,saracatinib,,phosphorylation of the GluN1 subunit of the N-methyl-D-aspartate receptor,REGULATES,0,chemical_treatment_effect,activity,automated_extraction
extracted:ac3163da4955b4b894bdbd8b,PMID:27094550,PUBCHEM:10302451,saracatinib,,thermal hyperalgesia,REGULATES,-1,chemical_treatment_effect,phenotype,automated_extraction
extracted:5b31130681464361a504c6b8,PMID:27095574,PUBCHEM:10302451,saracatinib,LOCAL:process:bone_loss,bone loss,REGULATES,-1,chemical_treatment_effect,phenotype,automated_extraction
extracted:733393f4d784406f6b44dcb0,PMID:27095574,PUBCHEM:10302451,saracatinib,,"osteoclast differentiation, polarization and resorptive function",REGULATES,-1,chemical_treatment_effect,phenotype,automated_extraction
extracted:853d50703e58aec9d0450164,PMID:28684771,PUBCHEM:3062316,dasatinib,,serum TRACP 5b levels,REGULATES,-1,chemical_treatment_effect,abundance,automated_extraction
extracted:ae8ab9a1ab9541b4886790e8,PMID:28684771,PUBCHEM:3062316,dasatinib,,pain behaviour,REGULATES,-1,chemical_treatment_effect,phenotype,automated_extraction
extracted:1d7b3dfb8f4ded7775a25999,PMID:29091316,PUBCHEM:68740,zoledronate,LOCAL:process:osteoclast_activity,osteoclast activity,REGULATES,-1,chemical_treatment_effect,phenotype,automated_extraction
extracted:277276aa0841d104db50bee9,PMID:32170411,PUBCHEM:3062316,Dasatinib,,osteoclasts,REGULATES,-1,chemical_treatment_effect,phenotype,automated_extraction
extracted:8476de8bfadf99e380a88750,PMID:32170411,PUBCHEM:3062316,Dasatinib,,proliferation rates,REGULATES,-1,chemical_treatment_effect,phenotype,automated_extraction
extracted:af14d1b341420dc77dbd1931,PMID:33383217,PUBCHEM:164533,alpha-ketoglutarate,PATHWAY:OSTEOCLAST_DIFFERENTIATION,osteoclastogenesis,REGULATES,-1,chemical_treatment_effect,phenotype,automated_extraction
extracted:6de2b42906c708b3a80b07b5,PMID:33677256,PUBCHEM:65064,(-)-Epigallocatechin-3-gallate,,RANKL-RANK interaction,REGULATES,-1,chemical_treatment_effect,binding,automated_extraction
extracted:7dbf898d6221a05d5fcc3f31,PMID:33677256,PUBCHEM:65064,(-)-Epigallocatechin-3-gallate,PATHWAY:OSTEOCLAST_DIFFERENTIATION,osteoclastogenesis,REGULATES,-1,chemical_treatment_effect,phenotype,automated_extraction
extracted:9e7abe7e025e5d5f5f613c72,PMID:33677256,PUBCHEM:65064,(-)-Epigallocatechin-3-gallate,,NF-kappaB signaling pathways,REGULATES,-1,chemical_treatment_effect,activity,automated_extraction
extracted:835bf8210dc4c4f03f2afa64,PMID:35228997,PUBCHEM:5281807,Puerarin,,osteoclast activation,REGULATES,-1,chemical_treatment_effect,phenotype,automated_extraction
extracted:63dc03b81ef4afdfb7668b94,PMID:35474350,PUBCHEM:2088,alendronate,,LRF,REGULATES,-1,chemical_treatment_effect,expression,automated_extraction
extracted:2b9891c75d68efe8d0aac51d,PMID:35937818,PUBCHEM:811,itaconate,,inflammatory bone loss,REGULATES,-1,chemical_treatment_effect,phenotype,automated_extraction
extracted:3e21d505c69827632a838d3a,PMID:35937818,PUBCHEM:811,itaconate,,osteoclast differentiation and activation,REGULATES,-1,chemical_treatment_effect,phenotype,automated_extraction
extracted:dd155a61a89bf63cd0cacf89,PMID:36678499,PUBCHEM:5280442,acacetin,PATHWAY:OSTEOCLAST_DIFFERENTIATION,osteoclast differentiation,REGULATES,-1,chemical_treatment_effect,phenotype,automated_extraction
extracted:ba8616843b969cf63edbbb36,PMID:36808837,PUBCHEM:3062316,Dasatinib,,TRAP+ osteoclasts,REGULATES,-1,chemical_treatment_effect,phenotype,automated_extraction
extracted:8d893c1e45bb7359cac4ff8b,PMID:36944992,PUBCHEM:2244,Aspirin,PATHWAY:OSTEOCLAST_DIFFERENTIATION,osteoclastogenesis,REGULATES,-1,chemical_treatment_effect,phenotype,automated_extraction
extracted:3eeb6439848ba9c463a66615,PMID:37539209,PUBCHEM:176873,Cilengitide,,osteoclast adhesion,REGULATES,-1,chemical_treatment_effect,phenotype,automated_extraction
extracted:8d4cbdd564ed48a2d2b71975,PMID:37689331,PUBCHEM:9823887,Rosavin,PATHWAY:OSTEOCLAST_DIFFERENTIATION,osteoclastogenesis,REGULATES,-1,chemical_treatment_effect,phenotype,automated_extraction
extracted:3e6eac4438ad9e052f98a3ed,PMID:37887007,PUBCHEM:68740,Zoledronate,,this effect,REGULATES,1,chemical_treatment_effect,phenotype,automated_extraction
extracted:f0686af034a59fa3ca9df6b0,PMID:38244329,PUBCHEM:25056407,Corylifol A,LOCAL:process:bone_loss,bone loss,REGULATES,-1,chemical_treatment_effect,phenotype,automated_extraction
extracted:f178ff034df8403d27bff4e4,PMID:38244329,PUBCHEM:25056407,Corylifol A,,PI3K-AKT and MAPK pathways,REGULATES,0,chemical_treatment_effect,activity,automated_extraction
extracted:41d67a0b1362ef96084b8ecd,PMID:38396794,PUBCHEM:9823887,rosavin,PATHWAY:OSTEOCLAST_DIFFERENTIATION,osteoclastogenesis,REGULATES,-1,chemical_treatment_effect,phenotype,automated_extraction
extracted:562ba2e4ba21ae7750fafbbd,PMID:38526627,PUBCHEM:71360202,4-octyl itaconate,,inflammatory infiltration,REGULATES,-1,chemical_treatment_effect,phenotype,automated_extraction
extracted:f75a3e7a3ca9d2cd5fa976d0,PMID:38528074,PUBCHEM:104775,butyrate,,osteoclasts,REGULATES,-1,chemical_treatment_effect,phenotype,automated_extraction
extracted:026aeb9e67376142e6fa3f6a,PMID:38774749,PUBCHEM:160419,Succinate,,M1-type macrophages,REGULATES,1,chemical_treatment_effect,phenotype,automated_extraction
extracted:4ab1b1b71c9d9e84c4d03f07,PMID:38797313,PUBCHEM:5281643,hyperoside,,ITG beta3,REGULATES,-1,chemical_treatment_effect,expression,automated_extraction
extracted:51ad3c6fcc4f6516d725c047,PMID:38797313,PUBCHEM:5281643,hyperoside,,TRAP,REGULATES,-1,chemical_treatment_effect,expression,automated_extraction
extracted:6c09c752c20bb43d853b6c4f,PMID:38797313,PUBCHEM:5281643,Hyperoside,PATHWAY:OSTEOCLAST_DIFFERENTIATION,osteoclast differentiation,REGULATES,-1,chemical_treatment_effect,phenotype,automated_extraction
extracted:794d7f92d974c42cc5ec851e,PMID:38797313,PUBCHEM:5281643,hyperoside,LOCAL:protein:mouse:TNFSF11,RANKL,REGULATES,-1,chemical_treatment_effect,expression,automated_extraction
extracted:e4f52179ca5040c6b094d7ed,PMID:38797313,PUBCHEM:5281643,hyperoside,LOCAL:protein:mouse:FOS,c-Fos,REGULATES,-1,chemical_treatment_effect,expression,automated_extraction
extracted:7f62ca467beb34ce1e9635ea,PMID:38986577,PUBCHEM:811,itaconate,,osteogenic differentiation,REGULATES,1,chemical_treatment_effect,phenotype,automated_extraction
extracted:f03dd67ffec683b29c7192c6,PMID:38986577,PUBCHEM:811,itaconate,,bone formation,REGULATES,1,chemical_treatment_effect,phenotype,automated_extraction
extracted:b0872c11b37362188ad6c3ba,PMID:39098645,PUBCHEM:442827,Trifolirhizin,CHEBI:26523,ROS,REGULATES,-1,chemical_treatment_effect,activity,automated_extraction
extracted:65497fc1e3b1e1e62f74f7d6,PMID:39130482,PUBCHEM:442827,Trifolirhizin,,ovariectomy-induced bone loss,REGULATES,-1,chemical_treatment_effect,phenotype,automated_extraction
extracted:7fabadc8196d79e2dde61a3a,PMID:39130482,PUBCHEM:442827,Trifolirhizin,PATHWAY:OSTEOCLAST_DIFFERENTIATION,osteoclastogenesis,REGULATES,-1,chemical_treatment_effect,phenotype,automated_extraction
extracted:80feaa2cdb8d29e60430a95a,PMID:39130482,PUBCHEM:442827,Trifolirhizin,PATHWAY:BONE_RESORPTION,bone resorption,REGULATES,-1,chemical_treatment_effect,phenotype,automated_extraction
extracted:9f7720179302c2ac47971dd3,PMID:39130482,PUBCHEM:442827,Trifolirhizin,,MAPK signal transduction,REGULATES,-1,chemical_treatment_effect,activity,automated_extraction
extracted:d68b21cd4a0b855538196d07,PMID:39279218,PUBCHEM:2088,alendronate,,BMAT expansion,REGULATES,-1,chemical_treatment_effect,phenotype,automated_extraction
extracted:55bb8aa8574d4ae2ed3878c9,PMID:39618638,PUBCHEM:68740,zoledronic acid,,Zoledronic acid-induced uveitis,REGULATES,1,chemical_treatment_effect,phenotype,automated_extraction
extracted:05a40e7d778e2d41ca36a88b,PMID:39983806,PUBCHEM:222284,beta-sitosterol,,osteoclast differentiation and function,REGULATES,-1,chemical_treatment_effect,phenotype,automated_extraction
extracted:8543642c7730be09d4f77414,PMID:39983806,PUBCHEM:222284,beta-sitosterol,LOCAL:process:bone_loss,bone loss,REGULATES,-1,chemical_treatment_effect,phenotype,automated_extraction
extracted:a5be0d73731e449e5c187a2e,PMID:39983806,PUBCHEM:222284,beta-sitosterol,,cAMP signaling pathway,REGULATES,-1,chemical_treatment_effect,activity,automated_extraction
extracted:171dd10ffafa33a16aeb827f,PMID:40220621,PUBCHEM:161036,Sweroside,LOCAL:process:bone_loss,bone loss,REGULATES,-1,chemical_treatment_effect,phenotype,automated_extraction
extracted:214d1ea9099e52c87feea42f,PMID:40220621,PUBCHEM:161036,Sweroside,PATHWAY:OSTEOCLAST_DIFFERENTIATION,osteoclast differentiation,REGULATES,-1,chemical_treatment_effect,phenotype,automated_extraction
extracted:1dbd189bc7784e497cd79562,PMID:40383843,PUBCHEM:160419,Succinate,PATHWAY:OSTEOCLAST_DIFFERENTIATION,osteoclast differentiation,REGULATES,1,reported_regulation,phenotype,automated_extraction
extracted:4482aa39d4f7f082bc7945c8,PMID:40500265,PUBCHEM:811,itaconate,,bone destruction,REGULATES,-1,chemical_treatment_effect,phenotype,automated_extraction
extracted:1f5f78ddeeebd2d71e947071,PMID:40507804,PUBCHEM:68740,zoledronic acid,LOCAL:process:osteoclast_activity,osteoclast activity,REGULATES,-1,chemical_treatment_effect,activity,automated_extraction
extracted:1c194f20f3e18488fcc1d65b,PMID:40993073,PUBCHEM:5793,glucose,,plasma glucose concentrations,REGULATES,1,chemical_treatment_effect,phenotype,automated_extraction
extracted:84fc83bfad597a259f1151a4,PMID:40993073,PUBCHEM:5793,glucose,,plasma calcium levels,REGULATES,1,chemical_treatment_effect,phenotype,automated_extraction
extracted:539296aa8fafbe65350ace1d,PMID:40999989,PUBCHEM:5281769,cynarin,,Nrf2,REGULATES,1,chemical_treatment_effect,activity,automated_extraction
extracted:b9f2e661165e7cb30d92d48f,PMID:40999989,PUBCHEM:5281769,cynarin,,mitogen-activated protein kinase (MAPK) pathway activation,REGULATES,-1,chemical_treatment_effect,activity,automated_extraction
extracted:e011b248a8a1e4c7ea8c5e76,PMID:40999989,PUBCHEM:5281769,cynarin,PATHWAY:BONE_RESORPTION,bone resorption,REGULATES,-1,chemical_treatment_effect,phenotype,automated_extraction
extracted:33d3fb65e650b161a82c41d1,PMID:41308395,PUBCHEM:503737,Liquiritin,,osteoclasts formation,REGULATES,-1,chemical_treatment_effect,phenotype,automated_extraction
extracted:e138bba098bfdb33e3423db7,PMID:41500478,PUBCHEM:503737,Liquiritin,,RANK/RANKL,ASSOCIATED_WITH,0,reported_association,binding,automated_extraction
extracted:07ed833380c96b22406dba6c,PMID:41703993,PUBCHEM:222284,beta-sitosterol,CHEBI:26523,ROS,REGULATES,-1,chemical_treatment_effect,activity,automated_extraction
extracted:b6731e9e6be72f6b0f04581b,PMID:41703993,PUBCHEM:222284,beta-sitosterol,,Tmed10,ASSOCIATED_WITH,0,reported_association,binding,automated_extraction
extracted:dd9a4455322e58c1c8aaa67d,PMID:41703993,PUBCHEM:222284,beta-sitosterol,,ERK,REGULATES,0,chemical_treatment_effect,activity,automated_extraction
extracted:ff6e0cad51f7006748e9fa51,PMID:41703993,PUBCHEM:222284,beta-sitosterol,PATHWAY:OSTEOCLAST_DIFFERENTIATION,osteoclastogenesis,REGULATES,-1,chemical_treatment_effect,phenotype,automated_extraction
extracted:b211b2eea9a9a0bf8d4e1d14,PMID:41750376,PUBCHEM:91435,lactate,,disease severity,ASSOCIATED_WITH,0,reported_association,association,automated_extraction
extracted:6a08a09879dff40b79c74fa0,PMID:41764819,PUBCHEM:5280961,genistein,LOCAL:process:bone_loss,bone loss,REGULATES,-1,chemical_treatment_effect,phenotype,automated_extraction
extracted:7b153f928850e0fccafd5eac,PMID:41764819,PUBCHEM:5280961,genistein,LOCAL:process:osteoclast_formation,osteoclast formation,REGULATES,-1,chemical_treatment_effect,phenotype,automated_extraction
extracted:be190db5a29208a94cf46177,PMID:41764819,PUBCHEM:5280961,genistein,,CYLD,REGULATES,1,chemical_treatment_effect,expression,automated_extraction
extracted:562c74dea0c6018cb08bfa32,PMID:41801394,PUBCHEM:44192273,alamandine,PATHWAY:BONE_RESORPTION,bone resorption,REGULATES,1,chemical_treatment_effect,phenotype,automated_extraction
extracted:758404672d42cee0a6b19254,PMID:41801394,PUBCHEM:44192273,alamandine,,serum calcium and phosphorus levels,REGULATES,-1,chemical_treatment_effect,phenotype,automated_extraction
extracted:9513f9981e234208aaacae11,PMID:41801394,PUBCHEM:44192273,alamandine,,osteoclast activation and size,REGULATES,-1,chemical_treatment_effect,phenotype,automated_extraction
extracted:e898aeee23eafd487c5dc778,PMID:41801394,PUBCHEM:44192273,alamandine,,trabecular bone loss,REGULATES,-1,chemical_treatment_effect,phenotype,automated_extraction
extracted:ba22764d4603c0a8badea5f2,PMID:41837128,PUBCHEM:68740,zoledronate,,rebound bone loss,REGULATES,-1,chemical_treatment_effect,phenotype,automated_extraction
extracted:eea3bbb14c69a23bdd9ae33a,PMID:41855861,PUBCHEM:969516,curcumin,,NF-kappaB signaling cascade,REGULATES,0,chemical_treatment_effect,activity,automated_extraction
extracted:ffd3f0d365708fe139895b80,PMID:41855861,PUBCHEM:969516,Curcumin,,osteoclast function,REGULATES,-1,chemical_treatment_effect,phenotype,automated_extraction
extracted:f5080b353a4eb1a647788c5e,PMID:41972530,PUBCHEM:702,ethanol,PATHWAY:OSTEOCLAST_DIFFERENTIATION,osteoclastogenesis,REGULATES,1,chemical_treatment_effect,phenotype,automated_extraction
extracted:fd4c3095938d5f2d9d0b459d,PMID:41983393,PUBCHEM:2088,alendronate,,aneurysmal growth,REGULATES,-1,chemical_treatment_effect,phenotype,automated_extraction
extracted:28b649eba480983cb45062ac,PMID:42228026,PUBCHEM:160419,Succinate,LOCAL:protein:mouse:HIF1A,HIF1alpha,REGULATES,1,chemical_treatment_effect,activity,automated_extraction
extracted:54e935afb36a6190657ca5d0,PMID:42229383,PUBCHEM:3085251,Handelin,,RANKL-induced osteoclast differentiation,REGULATES,-1,chemical_treatment_effect,phenotype,automated_extraction
extracted:6526cb4ec916a8259ac52b22,PMID:42229383,PUBCHEM:3085251,Handelin,,LCN2,REGULATES,-1,chemical_treatment_effect,binding,automated_extraction
extracted:a67236542eb4ce1c21b4aca2,PMID:42229383,PUBCHEM:3085251,Handelin,LOCAL:gene:NCBIGene:16819,LCN2,REGULATES,-1,chemical_treatment_effect,expression,automated_extraction
extracted:bd3ec07aa70d0702a1b93e96,PMID:42229383,PUBCHEM:3085251,Handelin,,OVX-induced bone loss,REGULATES,-1,chemical_treatment_effect,phenotype,automated_extraction
extracted:c927cb90c8da0f008195e064,PMID:42229383,PUBCHEM:3085251,Handelin,PATHWAY:OSTEOCLAST_DIFFERENTIATION,osteoclastogenesis,REGULATES,-1,chemical_treatment_effect,phenotype,automated_extraction
extracted:72bac10f7a758111d6029978,PMID:42246181,PUBCHEM:91435,lactate,,H3K18la,REGULATES,1,reported_regulation,activity,automated_extraction
extracted:f147ef87a82952626e8c49a2,PMID:42397598,PUBCHEM:5757,estradiol,,CLEC3B,REGULATES,-1,chemical_treatment_effect,expression,automated_extraction
extracted:169a144e98872e1674345629,PMID:42454799,PUBCHEM:969516,curcumin,,mRANKL,REGULATES,-1,chemical_treatment_effect,expression,automated_extraction
extracted:3f872b32fe6989fc0c2f9501,PMID:42454799,PUBCHEM:969516,curcumin,LOCAL:protein:NCBIGene:17387,MMP14,REGULATES,1,chemical_treatment_effect,expression,automated_extraction
extracted:197d7a42115323bdff712694,PMID:42576237,PUBCHEM:702,ethanol,,C-terminal telopeptide of type I collagen (CTX-1),REGULATES,1,chemical_treatment_effect,phenotype,automated_extraction
extracted:259a586ed3210308892dc21b,PMID:42697135,PUBCHEM:161036,sweroside,,Stat2,REGULATES,0,chemical_treatment_effect,activity,automated_extraction
extracted:bbdc7b977eeb91f942123993,PMID:42697135,PUBCHEM:161036,sweroside,CHEBI:26523,ROS,REGULATES,-1,chemical_treatment_effect,abundance,automated_extraction
extracted:f7f47ad9aec11025cdf06323,PMID:42697135,PUBCHEM:161036,sweroside,LOCAL:process:osteoclast_formation,osteoclast formation,REGULATES,-1,chemical_treatment_effect,phenotype,automated_extraction
extracted:245817efd37753a8d24c9579,PMID:7768625,PUBCHEM:5280961,Genistein,PATHWAY:BONE_RESORPTION,bone resorption,REGULATES,-1,chemical_treatment_effect,phenotype,automated_extraction
extracted:250d42c9206f965e231f0d00,PMID:8514886,PUBCHEM:5311102,herbimycin A,,src tyrosine kinase activity,REGULATES,-1,chemical_treatment_effect,activity,automated_extraction
extracted:e26f229b2678f0daab332bf3,PMID:8514886,PUBCHEM:5311102,herbimycin A,PATHWAY:BONE_RESORPTION,bone resorption,REGULATES,-1,chemical_treatment_effect,phenotype,automated_extraction
extracted:ea34a02351ee820e39dcaa43,PMID:8514886,PUBCHEM:5311102,herbimycin A,,elevated blood calcium levels,REGULATES,-1,chemical_treatment_effect,phenotype,automated_extraction
