claim_id,source_id,prior_reason,stratum_size,source_quote,diagnostic_note,after_status,after_reason,review_type
extracted:5241588967b3ba197da9a2be,PMID:36038818,Melanoma cell result; osteoclast mention elsewhere does not establish osteoclast context.,1,we examined the role of plectin in melanoma tumor formation. | Since Src activity is reduced in plectin-deficient melanomas,"Inspect identity, assertion, and experimental context separately; category is a diagnostic routing reason, not a finding that the paper is false.",deferred,Melanoma cell result; osteoclast mention elsewhere does not establish osteoclast context.,AI-assisted source-passage diagnostic; not blinded biomedical validation
extracted:95c3f1a2f777e4d8f4e70b07,PMID:31951177,NF-kappaB and inhibitory I-kappaB endpoint directions require separate interpretation.,1,"The effect of miR-143 on the expression of NF-kappaB (p65, I-kappaB-alpha) signal pathway in osteoclasts was detected. | The expression levels of I-kappaB-alpha were significantly lower than that of RANKL combined with miR-143 mimics group and control group (P<0.05). | MiR-143 can inhibit the signal pathway of NF-kappaB (p65, I-kappaB-alpha). MiR-143 inhibits the expression of osteoclast-specific genes TRACP, MMP 9, CtsK and c-Src.","Inspect identity, assertion, and experimental context separately; category is a diagnostic routing reason, not a finding that the paper is false.",deferred,NF-kappaB and inhibitory I-kappaB endpoint directions require separate interpretation.,AI-assisted source-passage diagnostic; not blinded biomedical validation
extracted:4d8b6634159e53a678e0ab4b,PMID:19171907,binding_molecular_form_requires_review,6,"Mechanistically, Lyn forms a complex with receptor activator of NF-kappaB (RANK), the tyrosine phosphatase, SHP-1, and the adapter protein, Grb2-associated binder 2 (Gab2).",Protein-complex context supports Lyn protein rather than a DNA gene. Keep association unsigned.,integrated_proposed,reported_association,AI-assisted source-passage diagnostic; not blinded biomedical validation
extracted:dc2df37362a444411f8aa769,PMID:35255774,binding_molecular_form_requires_review,6,BCL2 exhibited increased binding to BECN1 and negatively regulated autophagy.,Binding supports BCL2/BECN1 protein forms; molecular identity and connectivity still independently checked.,deferred,disconnected_from_existing_mechanisms,AI-assisted source-passage diagnostic; not blinded biomedical validation
extracted:a92a66dc1ef305bbfb8a8d78,PMID:42266683,binding_molecular_form_requires_review,6,the direct interaction between miR-1a-3p and Fcgr4 was validated by dual-luciferase reporter assay,"miRNA reporter interaction needs transcript-site handling, not conversion of RNA into protein.",deferred,binding_molecular_form_requires_review,AI-assisted source-passage diagnostic; not blinded biomedical validation
extracted:ebb0706fa2c554af9ecf5399,PMID:41186291,causal_direction_unresolved,28,"RPP directly binds to the transcription factor YY1, thereby activating the AMPK/SIRT1 signaling pathway.","Inspect identity, assertion, and experimental context separately; category is a diagnostic routing reason, not a finding that the paper is false.",deferred,outside_explicit_osteoclast_scope,AI-assisted source-passage diagnostic; not blinded biomedical validation
extracted:f705c336e4da5b3ea2e17823,PMID:41125794,causal_direction_unresolved,28,Caspase-11 expression and activity were elevated in bone tissues exhibiting excessive resorption and in RANKL-stimulated bone marrow-derived macrophages.,"Inspect identity, assertion, and experimental context separately; category is a diagnostic routing reason, not a finding that the paper is false.",deferred,chemical_intervention_not_explicitly_anchored,AI-assisted source-passage diagnostic; not blinded biomedical validation
extracted:13d742eaf383ec7a1fb9ab14,PMID:37507586,causal_direction_unresolved,28,Knockdown of Abr suppressed osteoclast differentiation and resorption.,"Inspect identity, assertion, and experimental context separately; category is a diagnostic routing reason, not a finding that the paper is false.",deferred,causal_direction_unresolved,AI-assisted source-passage diagnostic; not blinded biomedical validation
extracted:a85f5a4df0398acea52c4231,PMID:39582410,compound_complex_or_other_identity_requires_separate_resolution,471,"There was an association between NPHPT and periodontitis, with patients |  with NPHPT showing a 1.78 (OR) greater probability of suffering from periodontitis.","Inspect identity, assertion, and experimental context separately; category is a diagnostic routing reason, not a finding that the paper is false.",deferred,compound_complex_or_other_identity_requires_separate_resolution,AI-assisted source-passage diagnostic; not blinded biomedical validation
extracted:2db32fc7ecd98565b93fc9d7,PMID:30884166,compound_complex_or_other_identity_requires_separate_resolution,471,"Sonic Hedgehog (Shh) signaling cascade. Surprisingly, Shh ligand and","Inspect identity, assertion, and experimental context separately; category is a diagnostic routing reason, not a finding that the paper is false.",deferred,compound_complex_or_other_identity_requires_separate_resolution,AI-assisted source-passage diagnostic; not blinded biomedical validation
extracted:37ffd3b902a7c756a2cbd284,PMID:39584191,compound_complex_or_other_identity_requires_separate_resolution,471,"Hcy levels, combined with reduced vitamin B12 and vitamin D, were strongly associated with decreased BMD | and a higher susceptibility to osteoporotic fractures.","Inspect identity, assertion, and experimental context separately; category is a diagnostic routing reason, not a finding that the paper is false.",deferred,chemical_not_mapped_to_canonical_endogenous_entity,AI-assisted source-passage diagnostic; not blinded biomedical validation
extracted:30f6a68a80a4049421ceec60,PMID:38346941,disconnected_from_existing_mechanisms,18,KDM7A was able to upregulate the expression of fibroblast activation protein alpha (FAP) and receptor activator of nuclear factor kappaB ligand (RANKL) | in BMSCs through removing repressive di-methylation marks of H3K9 and H3K27 from Fap and Rankl promoters.,"Inspect identity, assertion, and experimental context separately; category is a diagnostic routing reason, not a finding that the paper is false.",deferred,disconnected_from_existing_mechanisms,AI-assisted source-passage diagnostic; not blinded biomedical validation
extracted:5b28c86bd796e3048517cd3a,PMID:38203808,disconnected_from_existing_mechanisms,18,"Atp6v1h level influences bone loss in simulated microgravity by modulating the Fos-Jun-Src-Integrin pathway | Co-immunoprecipitation indicated potential interactions between ATP6V1H and integrin beta 1, beta 3, beta 5, alpha 2b, and alpha 5.","Inspect identity, assertion, and experimental context separately; category is a diagnostic routing reason, not a finding that the paper is false.",deferred,disconnected_from_existing_mechanisms,AI-assisted source-passage diagnostic; not blinded biomedical validation
extracted:205d023a3d8e0c346210db94,PMID:42212624,disconnected_from_existing_mechanisms,18,"Mechanistically, CCAR2 binds to ERalpha, altering its nuclear translocation and increasing apoptotic transcriptional activity.","Inspect identity, assertion, and experimental context separately; category is a diagnostic routing reason, not a finding that the paper is false.",deferred,disconnected_from_existing_mechanisms,AI-assisted source-passage diagnostic; not blinded biomedical validation
extracted:207ea25caaa4bdb899b9adda,PMID:33576450,explicit_taxon_unsupported_do_not_substitute_host,6,"Based on the results of reverse transcription-quantitative PCR and western blot analysis, it was found that rSj-Cys downregulated the expression levels of osteoclastogenesis-related genes and proteins, by interfering with M-CSF and RANKL-induced NF-kappaB signaling and downstream transcription factors during early-phase osteoclastogenesis.","Inspect identity, assertion, and experimental context separately; category is a diagnostic routing reason, not a finding that the paper is false.",deferred,explicit_taxon_unsupported_do_not_substitute_host,AI-assisted source-passage diagnostic; not blinded biomedical validation
extracted:5a7fd9cc129893ce0ff72349,PMID:19244239,explicit_taxon_unsupported_do_not_substitute_host,6,Targeted transgenic expression of an osteoclastic transmembrane protein-tyrosine phosphatase in cells of osteoclastic lineage increases bone resorption and bone loss in male young adult mice. | the bone loss phenotype was seen in young adult ovariectomized transgenic mice by microcomputed tomography analysis.,"Inspect identity, assertion, and experimental context separately; category is a diagnostic routing reason, not a finding that the paper is false.",deferred,explicit_taxon_unsupported_do_not_substitute_host,AI-assisted source-passage diagnostic; not blinded biomedical validation
extracted:7084824b36b7fcc9403fe0e2,PMID:39940432,explicit_taxon_unsupported_do_not_substitute_host,6,Sericin feeding elevated serum D-serine levels,"Inspect identity, assertion, and experimental context separately; category is a diagnostic routing reason, not a finding that the paper is false.",deferred,explicit_taxon_unsupported_do_not_substitute_host,AI-assisted source-passage diagnostic; not blinded biomedical validation
extracted:3ceee9bb3fce66a60047dcb8,PMID:31400545,gene_versus_protein_intervention_requires_review,187,"Pkn3 bound to c-Src and Pyk2 in a Wnt5a-Ror2 signaling-dependent manner, thereby enhancing the kinase activity of c-Src in osteoclasts.",Binding/kinase passage supports protein form for Pkn3/Pyk2; c-Src resolves through an explicit registry name. Correction is claim-specific.,integrated_proposed,reported_regulation,AI-assisted source-passage diagnostic; not blinded biomedical validation
extracted:6be920aed0099c074a807267,PMID:39954074,gene_versus_protein_intervention_requires_review,187,"and the inhibitory phosphorylation of GSK-3beta was decreased, both in the whole",Quote fragment lacks intervention/antecedent and contains inhibitory phosphorylation; do not infer ordinary activation.,deferred,gene_versus_protein_intervention_requires_review,AI-assisted source-passage diagnostic; not blinded biomedical validation
extracted:3966b436acee7de2e586925d,PMID:34812548,gene_versus_protein_intervention_requires_review,187,The Ptpn1 cKO mice exhibited increased femoral trabecular bone volume | with a decreased number and activity of osteoclasts compared with control mice,cKO is a potentially recoverable intervention abbreviation; role and combined endpoint need explicit resolution.,deferred,gene_versus_protein_intervention_requires_review,AI-assisted source-passage diagnostic; not blinded biomedical validation
extracted:828d9a7afdaf9cd376aa1229,PMID:26094846,measured_endpoint_does_not_explicitly_identify_target,144,"In OC precursors lacking either NIK or RelB, receptor activator of NF-kappaB ligand (RANKL) was unable to increase mitochondrial DNA or oxidative phosphorylation (OxPhos) protein expression, which was associated with lower oxygen consumption rates.","Inspect identity, assertion, and experimental context separately; category is a diagnostic routing reason, not a finding that the paper is false.",deferred,measured_endpoint_does_not_explicitly_identify_target,AI-assisted source-passage diagnostic; not blinded biomedical validation
extracted:7a3b2e0b68a11b064818c4e5,PMID:27505886,measured_endpoint_does_not_explicitly_identify_target,144,the adaptor protein tensin 3 is a partner of Dock5,Partnership is an unsigned association; generic endpoint wording should not impose a causal target.,deferred,measured_endpoint_does_not_explicitly_identify_target,AI-assisted source-passage diagnostic; not blinded biomedical validation
extracted:bd0837e7b950295bcab7868b,PMID:26172226,measured_endpoint_does_not_explicitly_identify_target,144," through slightly decreased the phosphorylation of extracellular signal-regulated kinase, c-Jun N-terminal kinase, and inhibitor of nuclear factor kappa Balpha; however, the phosphorylation of Akt and p38 slightly increased in bone marrow-derived osteoclasts. The expression levels of the osteoclast marker proteins nuclear factor of activated T-cell cytoplasmic-1, Src, and cathepsin K diminished.","Inspect identity, assertion, and experimental context separately; category is a diagnostic routing reason, not a finding that the paper is false.",deferred,chemical_intervention_not_explicitly_anchored,AI-assisted source-passage diagnostic; not blinded biomedical validation
extracted:7c3b1ce6761959c8bec50530,PMID:40594392,molecular_form_conflict_requires_review,17,"Dusp1 overexpression was induced via lentiviral transfection. We found that Dusp1 antagonized RANKL stimulation, mediated the MAPK signaling pathway, and downregulated the key downstream transcription factors c-FOS and NFATc1, thereby reducing the expression of osteoclast-specific genes.","Inspect identity, assertion, and experimental context separately; category is a diagnostic routing reason, not a finding that the paper is false.",deferred,disconnected_from_existing_mechanisms,AI-assisted source-passage diagnostic; not blinded biomedical validation
extracted:b3f4e268d19f319102ca55d6,PMID:35255774,molecular_form_conflict_requires_review,17,Tet2 knockdown increased BCL2 (B cell leukemia/lymphoma 2) expression,"Inspect identity, assertion, and experimental context separately; category is a diagnostic routing reason, not a finding that the paper is false.",deferred,disconnected_from_existing_mechanisms,AI-assisted source-passage diagnostic; not blinded biomedical validation
extracted:06cb954cc37a05c86aa2a414,PMID:35687365,molecular_form_conflict_requires_review,17,the higher apoptotic ratio in Rheb1-null osteocytes could promote Tnfsf11 expression and lead to an increase in osteoclasts,Source says could promote; the observed-result extraction label is not reliable here.,deferred,Source says could promote: hypothesis misclassified as observed.,AI-assisted source-passage diagnostic; not blinded biomedical validation
extracted:46e9c751c56caab05dd6e5e6,PMID:37585363,non_observed_assertion_retained_in_staging,837,"HIV proteins consist of three types: regulatory proteins, accessory proteins, and structural proteins, which contribute to HIV-mediated bone loss partly by upregulating NF-kappaB expression, tumor necrosis factor alpha content, and release of inflammatory cytokines.","Inspect identity, assertion, and experimental context separately; category is a diagnostic routing reason, not a finding that the paper is false.",deferred,non_observed_assertion_retained_in_staging,AI-assisted source-passage diagnostic; not blinded biomedical validation
extracted:fd67925d74e1dff79659d529,PMID:42627054,non_observed_assertion_retained_in_staging,837,and that targeting insulin signaling may represent a fundamental strategy for correcting glucose metabolic abnormalities across diverse etiologies.,"Inspect identity, assertion, and experimental context separately; category is a diagnostic routing reason, not a finding that the paper is false.",deferred,non_observed_assertion_retained_in_staging,AI-assisted source-passage diagnostic; not blinded biomedical validation
extracted:ab518264b0e57f6c3dd1c721,PMID:41470907,non_observed_assertion_retained_in_staging,837,S-equol acts as a high-affinity ERbeta agonist,"Inspect identity, assertion, and experimental context separately; category is a diagnostic routing reason, not a finding that the paper is false.",deferred,non_observed_assertion_retained_in_staging,AI-assisted source-passage diagnostic; not blinded biomedical validation
extracted:54fca4060aeb50513f21a4ad,PMID:40996582,outside_explicit_osteoclast_scope,203,Vitamin D levels showed a strong inverse correlation with RANKL levels (r =  - 0.593).,"Inspect identity, assertion, and experimental context separately; category is a diagnostic routing reason, not a finding that the paper is false.",deferred,outside_explicit_osteoclast_scope,AI-assisted source-passage diagnostic; not blinded biomedical validation
extracted:efdef214666a176a9d2d1ed6,PMID:35848195,outside_explicit_osteoclast_scope,203,"hypothyroidism men group: (1) the bone mass was lower than the control group with significant differences, (2) the bone resorption index CTX-1 was significantly higher than that in the control group | bone loss in men with hypothyroidism, which may be related to increased bone resorption.","Inspect identity, assertion, and experimental context separately; category is a diagnostic routing reason, not a finding that the paper is false.",deferred,outside_explicit_osteoclast_scope,AI-assisted source-passage diagnostic; not blinded biomedical validation
extracted:591bfda09136b45b2eec247c,PMID:41826632,outside_explicit_osteoclast_scope,203,"In contrast, the values of these two biomarkers in children with MC4R deficiency were significantly higher than those in the other groups.","Inspect identity, assertion, and experimental context separately; category is a diagnostic routing reason, not a finding that the paper is false.",deferred,outside_explicit_osteoclast_scope,AI-assisted source-passage diagnostic; not blinded biomedical validation
extracted:836e7bd9ed3d14afe010085b,PMID:39682719,perturbation_role_unresolved,1871,"Treatment with 78c suppressed CD38, nuclear factor kappa-B (NF-kappaB), phosphoinositide 3-kinase (PI3K), and mitogen-activated protein kinases (MAPKs) induced by Pg, Aa, or AGEs, and suppressed podosome components (PI3K, Pyk2, Src, F-actin, integrins, paxillin, and talin) induced by RANKL",Chemical treatment was incorrectly routed through a genetic-role rule. Chemical projection now exists; this acronym/target-family claim still needs identity work.,deferred,chemical_not_mapped_to_canonical_endogenous_entity,AI-assisted source-passage diagnostic; not blinded biomedical validation
extracted:7d102d730e562971eb4e910f,PMID:36388169,perturbation_role_unresolved,1871,by preventing NFATc1 expression,The quote fragment lacks the drug name/antecedent. Do not project it solely from the model summary.,deferred,chemical_intervention_not_explicitly_anchored,AI-assisted source-passage diagnostic; not blinded biomedical validation
extracted:325748482d3cbac27200abeb,PMID:28983668,perturbation_role_unresolved,1871,Actin ring and pit formation assays and TRAP staining analysis showed | that YC-1 inhibited osteoclast activity and survival,"Inspect identity, assertion, and experimental context separately; category is a diagnostic routing reason, not a finding that the paper is false.",deferred,chemical_not_mapped_to_canonical_endogenous_entity,AI-assisted source-passage diagnostic; not blinded biomedical validation
extracted:770cb9d6487d1403bd03bd04,PMID:34348612,process_not_in_explicit_mapping,199,appear as the linkage between COVID-19 and Type-2 diabetes,"Inspect identity, assertion, and experimental context separately; category is a diagnostic routing reason, not a finding that the paper is false.",deferred,process_not_in_explicit_mapping,AI-assisted source-passage diagnostic; not blinded biomedical validation
extracted:7fae81749b88430dca6c4d37,PMID:40698069,process_not_in_explicit_mapping,199,bone loss. Chk2 knockout rescued these defects by reducing oxidative stress and senescence. In Bmi1-/-Chk2-/- mice,"Inspect identity, assertion, and experimental context separately; category is a diagnostic routing reason, not a finding that the paper is false.",integrated_proposed,genetic_perturbation_role_inference,AI-assisted source-passage diagnostic; not blinded biomedical validation
extracted:a26090dcc748d56261b29f84,PMID:38349543,process_not_in_explicit_mapping,199,Moderate-intensity exercise promoted osteoblast activity and suppressed osteoclast activity,"Inspect identity, assertion, and experimental context separately; category is a diagnostic routing reason, not a finding that the paper is false.",deferred,process_not_in_explicit_mapping,AI-assisted source-passage diagnostic; not blinded biomedical validation
extracted:d1148ba0ac47217c6ab3024e,PMID:38731604,reaction_participants_require_chemical_grounding,7,"Our previous study demonstrated that enzymatic hydrolysis of grey oyster mushroom beta-glucan using Hevea beta-1,3-glucanase isozymes obtains a lower molecular weight and higher water solubility, Pleurotus sajor-caju glucanoligosaccharide (Ps-GOS).","Inspect identity, assertion, and experimental context separately; category is a diagnostic routing reason, not a finding that the paper is false.",deferred,reaction_participants_require_chemical_grounding,AI-assisted source-passage diagnostic; not blinded biomedical validation
extracted:fb0bb4766340605fcbe420d6,PMID:39089619,reaction_participants_require_chemical_grounding,7,NAT10 catalyzed ac4C modification of Fos (encoding AP-1 component c-Fos) mRNA and maintained its stabilization.,RNA modification is not a standard small-molecule metabolic conversion. Preserve it for an appropriate event representation.,deferred,reaction_participants_require_chemical_grounding,AI-assisted source-passage diagnostic; not blinded biomedical validation
extracted:367a648545a17afdab43cdeb,PMID:42069319,reaction_participants_require_chemical_grounding,7,acid ceramidase cleaves DHA-ceramide to release sphingosine (SPH) and DHA,"Inspect identity, assertion, and experimental context separately; category is a diagnostic routing reason, not a finding that the paper is false.",deferred,reaction_participants_require_chemical_grounding,AI-assisted source-passage diagnostic; not blinded biomedical validation
extracted:94168194bd5fe596a2caf986,PMID:35474350,registry_or_specimen_identity_unresolved,376,"mice showed significantly lower bone volume compared to that of WT mice. Furthermore, OCZF overexpression markedly promoted bone loss in ovariectomy-induced osteolytic mouse model","Inspect identity, assertion, and experimental context separately; category is a diagnostic routing reason, not a finding that the paper is false.",deferred,registry_or_specimen_identity_unresolved,AI-assisted source-passage diagnostic; not blinded biomedical validation
extracted:7f5638f07b3549095a925f2e,PMID:25381250,registry_or_specimen_identity_unresolved,376,"The non-receptor isoform of protein-tyrosine phosphatase epsilon (cyt-PTPe) supports adhesion of bone-resorbing osteoclasts by activating Src downstream of integrins. Loss of cyt-PTPe reduces Src activity in osteoclasts, reduces resorption of mineralized matrix both in vivo and in cell culture, and induces mild osteopetrosis in young female PTPe KO mice.",Cytoplasmic PTPe is an isoform; do not erase the qualifier just to match a gene-level name.,deferred,registry_or_specimen_identity_unresolved,AI-assisted source-passage diagnostic; not blinded biomedical validation
extracted:d1e7ad78d4ba742fd0dca7d7,PMID:29845799,registry_or_specimen_identity_unresolved,376,"Upregulated DEGs showed significant enrichment in the biological process, single-organism cellular process, response to stimulus and stress, and osteoclast differentiation and lysosome.","Inspect identity, assertion, and experimental context separately; category is a diagnostic routing reason, not a finding that the paper is false.",deferred,registry_or_specimen_identity_unresolved,AI-assisted source-passage diagnostic; not blinded biomedical validation
extracted:7f3d440ff13abb5042f48287,PMID:16914530,relationship_participant_unresolved,5,"In the current study, overexpression of LPXN in murine osteoclasts resulted in both enhanced resorptive activity and cell adhesion","Inspect identity, assertion, and experimental context separately; category is a diagnostic routing reason, not a finding that the paper is false.",deferred,relationship_participant_unresolved,AI-assisted source-passage diagnostic; not blinded biomedical validation
extracted:2af47c197c8e6a648819605e,PMID:40714468,relationship_participant_unresolved,5,"calreticulin (CALR), a key immunogenic cell death (ICD) marker, as a critical regulator of osteoclast differentiation and OA pathogenesis. Proteomic analysis revealed elevated CALR expression in subchondral bone from OA patients","Inspect identity, assertion, and experimental context separately; category is a diagnostic routing reason, not a finding that the paper is false.",deferred,relationship_participant_unresolved,AI-assisted source-passage diagnostic; not blinded biomedical validation
extracted:917057227f3c3297f3c05001,PMID:28687706,relationship_participant_unresolved,5,"mature osteoblast/osteocyte-specific ablation of PPARgamma in mice (Ocy-PPARgamma-/-) alters body composition with age, namely, to produce less fat and more lean mass, and enhances insulin sensitivity and energy expenditure compared with wild-type mice. In addition, Ocy-PPARgamma-/- mice exhibit more bone density, structure, and strength by uncoupling bone formation from resorption. When challenged with a high-fat diet, Ocy-PPARgamma-/- mice retain glycemic control, with increased browning of the adipose tissue, decreased gluconeogenesis, and less hepatic steatosis.","Inspect identity, assertion, and experimental context separately; category is a diagnostic routing reason, not a finding that the paper is false.",deferred,relationship_participant_unresolved,AI-assisted source-passage diagnostic; not blinded biomedical validation
